state,window_date,size,purchase_count,population_variance
ANDAMAN & NICOBAR,2022-04-02,M,1,0.000000
ANDAMAN & NICOBAR,2022-04-03,S,2,5700.250000
ANDAMAN & NICOBAR,2022-04-04,S,3,76126.888889
ANDAMAN & NICOBAR,2022-04-05,XS,3,10072.888889
ANDAMAN & NICOBAR,2022-04-06,XS,3,10072.888889
ANDAMAN & NICOBAR,2022-04-07,S,4,57160.500000
ANDAMAN & NICOBAR,2022-04-08,XL,4,23102.750000
ANDAMAN & NICOBAR,2022-04-09,XL,5,18957.440000
ANDAMAN & NICOBAR,2022-04-10,XL,5,18957.440000
ANDAMAN & NICOBAR,2022-04-11,XL,5,18957.440000
ANDAMAN & NICOBAR,2022-04-12,XL,5,18957.440000
ANDAMAN & NICOBAR,2022-04-13,XXL,5,29763.840000
ANDAMAN & NICOBAR,2022-04-14,XXL,5,27159.040000
ANDAMAN & NICOBAR,2022-04-15,XXL,8,29638.859375
ANDAMAN & NICOBAR,2022-04-16,XXL,9,50655.777778
ANDAMAN & NICOBAR,2022-04-17,XXL,8,56751.359375
ANDAMAN & NICOBAR,2022-04-18,XXL,8,56751.359375
ANDAMAN & NICOBAR,2022-04-19,XXL,7,52967.673469
ANDAMAN & NICOBAR,2022-04-20,XXL,6,61278.472222
ANDAMAN & NICOBAR,2022-04-21,XL,6,27454.333333
ANDAMAN & NICOBAR,2022-04-22,XL,7,24355.632653
ANDAMAN & NICOBAR,2022-04-23,XL,7,24355.632653
ANDAMAN & NICOBAR,2022-04-24,XL,7,24355.632653
ANDAMAN & NICOBAR,2022-04-25,XL,7,24355.632653
ANDAMAN & NICOBAR,2022-04-26,XL,6,26933.472222
ANDAMAN & NICOBAR,2022-04-27,XL,6,24984.805556
ANDAMAN & NICOBAR,2022-04-28,XL,6,24984.805556
ANDAMAN & NICOBAR,2022-04-29,S,5,47203.760000
ANDAMAN & NICOBAR,2022-04-30,XXL,4,38710.687500
ANDAMAN & NICOBAR,2022-05-01,XXL,4,38710.687500
ANDAMAN & NICOBAR,2022-05-02,3XL,4,138258.187500
ANDAMAN & NICOBAR,2022-05-03,S,3,64784.222222
ANDAMAN & NICOBAR,2022-05-04,3XL,4,109996.687500
ANDAMAN & NICOBAR,2022-05-05,M,5,131384.160000
ANDAMAN & NICOBAR,2022-05-06,3XL,5,88107.600000
ANDAMAN & NICOBAR,2022-05-07,3XL,6,83926.472222
ANDAMAN & NICOBAR,2022-05-08,3XL,6,83926.472222
ANDAMAN & NICOBAR,2022-05-09,3XL,6,52635.888889
ANDAMAN & NICOBAR,2022-05-10,3XL,6,17534.472222
ANDAMAN & NICOBAR,2022-05-11,3XL,6,17534.472222
ANDAMAN & NICOBAR,2022-05-12,3XL,8,28973.937500
ANDAMAN & NICOBAR,2022-05-13,3XL,8,28973.937500
ANDAMAN & NICOBAR,2022-05-14,XL,8,137883.500000
ANDAMAN & NICOBAR,2022-05-15,3XL,7,27449.551020
ANDAMAN & NICOBAR,2022-05-16,XL,8,141916.484375
ANDAMAN & NICOBAR,2022-05-17,XL,8,141916.484375
ANDAMAN & NICOBAR,2022-05-18,XXL,8,42101.859375
ANDAMAN & NICOBAR,2022-05-19,M,9,53843.358025
ANDAMAN & NICOBAR,2022-05-20,M,9,53843.358025
ANDAMAN & NICOBAR,2022-05-21,M,9,53843.358025
ANDAMAN & NICOBAR,2022-05-22,M,8,12045.359375
ANDAMAN & NICOBAR,2022-05-23,M,7,13270.000000
ANDAMAN & NICOBAR,2022-05-24,M,7,13270.000000
ANDAMAN & NICOBAR,2022-05-25,M,7,11582.244898
ANDAMAN & NICOBAR,2022-05-26,M,7,11582.244898
ANDAMAN & NICOBAR,2022-05-27,M,7,11582.244898
ANDAMAN & NICOBAR,2022-05-28,XL,7,9520.530612
ANDAMAN & NICOBAR,2022-05-29,XL,7,9520.530612
ANDAMAN & NICOBAR,2022-05-30,XL,6,2250.000000
ANDAMAN & NICOBAR,2022-05-31,XL,5,1747.440000
ANDAMAN & NICOBAR,2022-06-01,XL,4,2136.250000
ANDAMAN & NICOBAR,2022-06-02,XL,4,2136.250000
ANDAMAN & NICOBAR,2022-06-03,XL,4,2136.250000
ANDAMAN & NICOBAR,2022-06-04,L,5,100617.200000
ANDAMAN & NICOBAR,2022-06-05,L,5,100617.200000
ANDAMAN & NICOBAR,2022-06-06,L,6,92528.222222
ANDAMAN & NICOBAR,2022-06-07,XXL,6,201849.000000
ANDAMAN & NICOBAR,2022-06-08,L,6,98024.583333
ANDAMAN & NICOBAR,2022-06-09,M,7,22056.530612
ANDAMAN & NICOBAR,2022-06-10,XXL,7,173072.693878
ANDAMAN & NICOBAR,2022-06-11,XXL,7,173072.693878
ANDAMAN & NICOBAR,2022-06-12,L,7,115523.632653
ANDAMAN & NICOBAR,2022-06-13,L,7,115523.632653
ANDAMAN & NICOBAR,2022-06-14,M,5,22199.760000
ANDAMAN & NICOBAR,2022-06-15,XS,9,55373.061728
ANDAMAN & NICOBAR,2022-06-16,XS,9,54602.000000
ANDAMAN & NICOBAR,2022-06-17,XS,9,54602.000000
ANDAMAN & NICOBAR,2022-06-18,XS,9,54602.000000
ANDAMAN & NICOBAR,2022-06-19,XS,9,54602.000000
ANDAMAN & NICOBAR,2022-06-20,XS,8,59886.687500
ANDAMAN & NICOBAR,2022-06-21,XS,8,59886.687500
ANDAMAN & NICOBAR,2022-06-22,M,9,19746.000000
ANDAMAN & NICOBAR,2022-06-23,M,11,19266.809917
ANDAMAN & NICOBAR,2022-06-24,M,12,21311.833333
ANDAMAN & NICOBAR,2022-06-25,M,11,22257.537190
ANDAMAN & NICOBAR,2022-06-26,M,11,28999.603306
ANDAMAN & NICOBAR,2022-06-27,M,13,32321.786982
ANDAMAN & NICOBAR,2022-06-28,M,12,30821.250000
ANDAMAN & NICOBAR,2022-06-29,M,12,33482.805556
ANDAMAN & NICOBAR,2022-06-30,M,12,33482.805556
ANDAMAN & NICOBAR,2022-07-01,M,10,30583.000000
ANDAMAN & NICOBAR,2022-07-02,M,8,33825.687500
ANDAMAN & NICOBAR,2022-07-03,M,6,18833.472222
ANDAMAN & NICOBAR,2022-07-04,M,4,5843.187500
ANDAMAN & NICOBAR,2022-07-05,M,4,5843.187500
ANDAMAN & NICOBAR,2022-07-06,M,3,7410.666667
ANDAMAN & NICOBAR,2022-07-07,M,1,0.000000
ANDAMAN & NICOBAR,2022-07-08,M,1,0.000000
ANDHRA PRADESH,2022-04-01,3XL,1,0.000000
ANDHRA PRADESH,2022-04-02,M,12,119697.000000
ANDHRA PRADESH,2022-04-03,M,18,105505.052469
ANDHRA PRADESH,2022-04-04,M,28,118486.265306
ANDHRA PRADESH,2022-04-05,M,35,100668.862041
ANDHRA PRADESH,2022-04-06,M,42,120955.404195
ANDHRA PRADESH,2022-04-07,XXL,52,78767.072485
ANDHRA PRADESH,2022-04-08,XXL,63,84819.808516
ANDHRA PRADESH,2022-04-09,L,71,43751.003372
ANDHRA PRADESH,2022-04-10,L,83,55980.244157
ANDHRA PRADESH,2022-04-11,L,95,59581.429363
ANDHRA PRADESH,2022-04-12,L,98,64972.056643
ANDHRA PRADESH,2022-04-13,L,98,64787.922636
ANDHRA PRADESH,2022-04-14,L,97,81668.453821
ANDHRA PRADESH,2022-04-15,L,97,83839.475396
ANDHRA PRADESH,2022-04-16,L,102,83439.259996
ANDHRA PRADESH,2022-04-17,L,95,87648.591025
ANDHRA PRADESH,2022-04-18,L,95,90331.694626
ANDHRA PRADESH,2022-04-19,L,95,90885.129751
ANDHRA PRADESH,2022-04-20,L,93,79426.093884
ANDHRA PRADESH,2022-04-21,L,98,71416.064661
ANDHRA PRADESH,2022-04-22,L,103,58852.086719
ANDHRA PRADESH,2022-04-23,XL,107,63014.623810
ANDHRA PRADESH,2022-04-24,L,112,54357.703364
ANDHRA PRADESH,2022-04-25,L,115,56409.026843
ANDHRA PRADESH,2022-04-26,L,110,57313.662893
ANDHRA PRADESH,2022-04-27,L,113,57719.381941
ANDHRA PRADESH,2022-04-28,L,117,57735.217766
ANDHRA PRADESH,2022-04-29,L,111,56366.147228
ANDHRA PRADESH,2022-04-30,L,113,56140.287571
ANDHRA PRADESH,2022-05-01,M,104,68975.588665
ANDHRA PRADESH,2022-05-02,M,107,63898.420473
ANDHRA PRADESH,2022-05-03,M,112,77515.039541
ANDHRA PRADESH,2022-05-04,M,109,86120.983924
ANDHRA PRADESH,2022-05-05,M,99,85444.666259
ANDHRA PRADESH,2022-05-06,L,102,40662.503652
ANDHRA PRADESH,2022-05-07,L,106,51455.446778
ANDHRA PRADESH,2022-05-08,XL,103,58865.905175
ANDHRA PRADESH,2022-05-09,L,111,81558.357114
ANDHRA PRADESH,2022-05-10,L,104,86482.345322
ANDHRA PRADESH,2022-05-11,L,104,86398.409763
ANDHRA PRADESH,2022-05-12,L,97,88852.824530
ANDHRA PRADESH,2022-05-13,L,90,94687.808025
ANDHRA PRADESH,2022-05-14,L,89,113012.514834
ANDHRA PRADESH,2022-05-15,L,82,134805.645003
ANDHRA PRADESH,2022-05-16,L,81,134608.784636
ANDHRA PRADESH,2022-05-17,L,78,128727.028435
ANDHRA PRADESH,2022-05-18,L,78,133017.886917
ANDHRA PRADESH,2022-05-19,L,73,110080.048039
ANDHRA PRADESH,2022-05-20,L,78,105132.224195
ANDHRA PRADESH,2022-05-21,L,75,104991.684622
ANDHRA PRADESH,2022-05-22,L,79,106130.985739
ANDHRA PRADESH,2022-05-23,L,73,109033.470820
ANDHRA PRADESH,2022-05-24,L,69,89488.858643
ANDHRA PRADESH,2022-05-25,L,67,82933.377590
ANDHRA PRADESH,2022-05-26,M,66,73051.665748
ANDHRA PRADESH,2022-05-27,M,68,71982.751730
ANDHRA PRADESH,2022-05-28,M,72,79380.304784
ANDHRA PRADESH,2022-05-29,M,74,85424.245435
ANDHRA PRADESH,2022-05-30,M,68,85588.967777
ANDHRA PRADESH,2022-05-31,M,78,89358.250493
ANDHRA PRADESH,2022-06-01,M,86,81118.702677
ANDHRA PRADESH,2022-06-02,M,91,85417.672020
ANDHRA PRADESH,2022-06-03,M,89,78405.150612
ANDHRA PRADESH,2022-06-04,M,89,81787.474056
ANDHRA PRADESH,2022-06-05,L,84,83085.338294
ANDHRA PRADESH,2022-06-06,L,89,96614.752935
ANDHRA PRADESH,2022-06-07,L,98,91329.704394
ANDHRA PRADESH,2022-06-08,L,108,89898.065501
ANDHRA PRADESH,2022-06-09,L,112,85012.563457
ANDHRA PRADESH,2022-06-10,L,110,78039.426860
ANDHRA PRADESH,2022-06-11,L,104,80313.698225
ANDHRA PRADESH,2022-06-12,L,109,87255.433549
ANDHRA PRADESH,2022-06-13,L,113,80736.998982
ANDHRA PRADESH,2022-06-14,L,113,79651.548124
ANDHRA PRADESH,2022-06-15,L,112,74641.854592
ANDHRA PRADESH,2022-06-16,L,104,72290.521357
ANDHRA PRADESH,2022-06-17,M,101,66504.450348
ANDHRA PRADESH,2022-06-18,M,99,65010.747679
ANDHRA PRADESH,2022-06-19,M,97,70691.376342
ANDHRA PRADESH,2022-06-20,L,98,91594.812266
ANDHRA PRADESH,2022-06-21,M,106,66743.335707
ANDHRA PRADESH,2022-06-22,L,102,87980.119281
ANDHRA PRADESH,2022-06-23,L,98,92758.999167
ANDHRA PRADESH,2022-06-24,L,100,104825.000400
ANDHRA PRADESH,2022-06-25,L,98,110322.296960
ANDHRA PRADESH,2022-06-26,L,99,101202.776860
ANDHRA PRADESH,2022-06-27,L,99,101687.252729
ANDHRA PRADESH,2022-06-28,L,90,105176.575802
ANDHRA PRADESH,2022-06-29,M,90,74033.390617
ANDHRA PRADESH,2022-06-30,M,84,75080.122874
ANDHRA PRADESH,2022-07-01,M,69,83264.350767
ANDHRA PRADESH,2022-07-02,M,67,85004.104255
ANDHRA PRADESH,2022-07-03,M,57,86704.131733
ANDHRA PRADESH,2022-07-04,M,49,81000.768013
ANDHRA PRADESH,2022-07-05,M,32,58792.558594
ANDHRA PRADESH,2022-07-06,M,26,57106.273669
ANDHRA PRADESH,2022-07-07,M,19,54166.587258
ANDHRA PRADESH,2022-07-08,M,11,49496.446281
ANDHRA PRADESH,2022-07-09,S,3,152813.555556
AR,2022-05-31,L,1,0.000000
AR,2022-06-01,L,1,0.000000
AR,2022-06-02,L,1,0.000000
AR,2022-06-03,L,1,0.000000
AR,2022-06-04,L,1,0.000000
AR,2022-06-05,L,1,0.000000
AR,2022-06-06,L,1,0.000000
AR,2022-06-07,L,1,0.000000
AR,2022-06-08,L,1,0.000000
AR,2022-06-09,L,1,0.000000
ARUNACHAL PRADESH,2022-04-02,S,2,55696.000000
ARUNACHAL PRADESH,2022-04-03,L,2,0.000000
ARUNACHAL PRADESH,2022-04-04,3XL,3,1646.000000
ARUNACHAL PRADESH,2022-04-05,3XL,3,1646.000000
ARUNACHAL PRADESH,2022-04-06,XS,5,84450.560000
ARUNACHAL PRADESH,2022-04-07,XS,6,73984.555556
ARUNACHAL PRADESH,2022-04-08,XS,6,73984.555556
ARUNACHAL PRADESH,2022-04-09,XS,6,73984.555556
ARUNACHAL PRADESH,2022-04-10,XS,6,73984.555556
ARUNACHAL PRADESH,2022-04-11,XS,6,73984.555556
ARUNACHAL PRADESH,2022-04-12,XS,6,73984.555556
ARUNACHAL PRADESH,2022-04-13,XS,7,65188.408163
ARUNACHAL PRADESH,2022-04-14,XS,5,50528.560000
ARUNACHAL PRADESH,2022-04-15,XS,6,71183.916667
ARUNACHAL PRADESH,2022-04-16,S,6,7453.138889
ARUNACHAL PRADESH,2022-04-17,S,6,7453.138889
ARUNACHAL PRADESH,2022-04-18,S,6,7453.138889
ARUNACHAL PRADESH,2022-04-19,S,6,7453.138889
ARUNACHAL PRADESH,2022-04-20,S,5,8168.560000
ARUNACHAL PRADESH,2022-04-21,S,5,8168.560000
ARUNACHAL PRADESH,2022-04-22,S,5,8168.560000
ARUNACHAL PRADESH,2022-04-23,S,5,8168.560000
ARUNACHAL PRADESH,2022-04-24,S,5,8168.560000
ARUNACHAL PRADESH,2022-04-25,M,3,12846.888889
ARUNACHAL PRADESH,2022-04-26,M,5,20265.360000
ARUNACHAL PRADESH,2022-04-27,M,5,20265.360000
ARUNACHAL PRADESH,2022-04-28,M,4,21039.250000
ARUNACHAL PRADESH,2022-04-29,M,4,21039.250000
ARUNACHAL PRADESH,2022-04-30,3XL,2,3025.000000
ARUNACHAL PRADESH,2022-05-01,M,2,26406.250000
ARUNACHAL PRADESH,2022-05-02,M,2,26406.250000
ARUNACHAL PRADESH,2022-05-03,L,2,2500.000000
ARUNACHAL PRADESH,2022-05-04,L,2,2500.000000
ARUNACHAL PRADESH,2022-05-05,L,4,50444.187500
ARUNACHAL PRADESH,2022-05-06,L,5,53419.840000
ARUNACHAL PRADESH,2022-05-07,L,6,63489.333333
ARUNACHAL PRADESH,2022-05-08,L,6,63489.333333
ARUNACHAL PRADESH,2022-05-09,L,6,63489.333333
ARUNACHAL PRADESH,2022-05-10,L,6,63489.333333
ARUNACHAL PRADESH,2022-05-11,L,10,90939.610000
ARUNACHAL PRADESH,2022-05-12,L,10,90939.610000
ARUNACHAL PRADESH,2022-05-13,L,9,97101.580247
ARUNACHAL PRADESH,2022-05-14,L,9,97101.580247
ARUNACHAL PRADESH,2022-05-15,L,7,100209.632653
ARUNACHAL PRADESH,2022-05-16,L,6,107694.666667
ARUNACHAL PRADESH,2022-05-17,L,5,91787.600000
ARUNACHAL PRADESH,2022-05-18,L,5,91787.600000
ARUNACHAL PRADESH,2022-05-19,L,5,91787.600000
ARUNACHAL PRADESH,2022-05-20,L,5,91787.600000
ARUNACHAL PRADESH,2022-05-21,M,5,55592.240000
ARUNACHAL PRADESH,2022-05-22,M,5,55592.240000
ARUNACHAL PRADESH,2022-05-23,M,5,27510.960000
ARUNACHAL PRADESH,2022-05-24,M,7,67434.408163
ARUNACHAL PRADESH,2022-05-25,M,7,67434.408163
ARUNACHAL PRADESH,2022-05-26,M,6,78405.222222
ARUNACHAL PRADESH,2022-05-27,M,6,78405.222222
ARUNACHAL PRADESH,2022-05-28,M,6,78405.222222
ARUNACHAL PRADESH,2022-05-29,M,6,78405.222222
ARUNACHAL PRADESH,2022-05-30,M,5,92613.600000
ARUNACHAL PRADESH,2022-05-31,M,4,106414.187500
ARUNACHAL PRADESH,2022-06-01,M,4,106414.187500
ARUNACHAL PRADESH,2022-06-02,M,3,6338.888889
ARUNACHAL PRADESH,2022-06-03,L,3,65078.000000
ARUNACHAL PRADESH,2022-06-04,L,3,65078.000000
ARUNACHAL PRADESH,2022-06-05,XS,3,77702.888889
ARUNACHAL PRADESH,2022-06-06,L,4,64192.250000
ARUNACHAL PRADESH,2022-06-07,L,4,64192.250000
ARUNACHAL PRADESH,2022-06-08,L,4,64192.250000
ARUNACHAL PRADESH,2022-06-09,L,4,64192.250000
ARUNACHAL PRADESH,2022-06-10,L,6,55615.805556
ARUNACHAL PRADESH,2022-06-11,L,6,55615.805556
ARUNACHAL PRADESH,2022-06-12,L,5,56338.960000
ARUNACHAL PRADESH,2022-06-13,L,6,65456.000000
ARUNACHAL PRADESH,2022-06-14,L,7,114741.551020
ARUNACHAL PRADESH,2022-06-15,L,7,114741.551020
ARUNACHAL PRADESH,2022-06-16,L,6,74566.888889
ARUNACHAL PRADESH,2022-06-17,L,6,74566.888889
ARUNACHAL PRADESH,2022-06-18,L,6,74566.888889
ARUNACHAL PRADESH,2022-06-19,L,6,74566.888889
ARUNACHAL PRADESH,2022-06-20,L,4,46163.187500
ARUNACHAL PRADESH,2022-06-21,L,4,46163.187500
ARUNACHAL PRADESH,2022-06-22,L,4,46163.187500
ARUNACHAL PRADESH,2022-06-23,S,2,1806.250000
ARUNACHAL PRADESH,2022-06-24,S,2,1806.250000
ARUNACHAL PRADESH,2022-06-25,S,2,0.000000
ARUNACHAL PRADESH,2022-06-26,S,2,0.000000
ARUNACHAL PRADESH,2022-06-27,S,2,0.000000
ARUNACHAL PRADESH,2022-06-28,M,3,45784.888889
ARUNACHAL PRADESH,2022-06-29,M,3,45784.888889
ARUNACHAL PRADESH,2022-06-30,M,3,45784.888889
ARUNACHAL PRADESH,2022-07-01,M,3,45784.888889
ARUNACHAL PRADESH,2022-07-02,M,3,45784.888889
ARUNACHAL PRADESH,2022-07-03,M,3,45784.888889
ARUNACHAL PRADESH,2022-07-04,M,3,45784.888889
ARUNACHAL PRADESH,2022-07-05,L,2,16002.250000
ARUNACHAL PRADESH,2022-07-06,L,1,0.000000
ARUNACHAL PRADESH,2022-07-07,M,1,0.000000
ASSAM,2022-04-02,L,6,34604.805556
ASSAM,2022-04-03,L,11,25740.181818
ASSAM,2022-04-04,L,13,57595.136095
ASSAM,2022-04-05,M,18,67660.978395
ASSAM,2022-04-06,M,26,70211.735207
ASSAM,2022-04-07,L,35,81199.436735
ASSAM,2022-04-08,L,36,79422.635802
ASSAM,2022-04-09,S,40,65652.209375
ASSAM,2022-04-10,L,44,70048.133781
ASSAM,2022-04-11,L,48,71408.312500
ASSAM,2022-04-12,S,48,75507.039931
ASSAM,2022-04-13,S,45,74454.155062
ASSAM,2022-04-14,L,50,73290.688400
ASSAM,2022-04-15,L,48,74095.978733
ASSAM,2022-04-16,L,46,77078.998110
ASSAM,2022-04-17,M,43,46679.866955
ASSAM,2022-04-18,M,46,53387.540643
ASSAM,2022-04-19,M,43,54307.492699
ASSAM,2022-04-20,M,43,59940.341806
ASSAM,2022-04-21,M,42,43197.426304
ASSAM,2022-04-22,M,46,40504.635161
ASSAM,2022-04-23,M,52,47832.051405
ASSAM,2022-04-24,M,55,50854.708760
ASSAM,2022-04-25,M,48,52611.164931
ASSAM,2022-04-26,M,43,57285.860465
ASSAM,2022-04-27,M,42,69723.011338
ASSAM,2022-04-28,S,40,98920.210000
ASSAM,2022-04-29,S,44,104945.327996
ASSAM,2022-04-30,S,45,97559.746173
ASSAM,2022-05-01,S,49,94733.625989
ASSAM,2022-05-02,S,47,101575.712087
ASSAM,2022-05-03,S,39,108677.381986
ASSAM,2022-05-04,S,38,116302.247230
ASSAM,2022-05-05,M,35,86014.636735
ASSAM,2022-05-06,M,36,76101.006173
ASSAM,2022-05-07,M,37,58381.772096
ASSAM,2022-05-08,M,37,55166.613587
ASSAM,2022-05-09,M,36,63913.687500
ASSAM,2022-05-10,M,35,90623.776327
ASSAM,2022-05-11,M,32,75201.171875
ASSAM,2022-05-12,M,34,73109.352941
ASSAM,2022-05-13,M,32,102040.795898
ASSAM,2022-05-14,M,29,110284.661118
ASSAM,2022-05-15,M,25,149802.281600
ASSAM,2022-05-16,M,23,148054.487713
ASSAM,2022-05-17,S,24,101591.055556
ASSAM,2022-05-18,S,28,91154.673469
ASSAM,2022-05-19,S,32,83792.246094
ASSAM,2022-05-20,S,32,86088.608398
ASSAM,2022-05-21,S,30,77466.248889
ASSAM,2022-05-22,S,26,74490.965976
ASSAM,2022-05-23,S,26,79098.390533
ASSAM,2022-05-24,L,25,76616.873600
ASSAM,2022-05-25,L,28,69432.360969
ASSAM,2022-05-26,L,29,71625.419738
ASSAM,2022-05-27,L,24,76462.138889
ASSAM,2022-05-28,L,23,74627.368620
ASSAM,2022-05-29,L,21,65757.487528
ASSAM,2022-05-30,M,21,120336.317460
ASSAM,2022-05-31,L,22,46646.595041
ASSAM,2022-06-01,L,22,39424.423554
ASSAM,2022-06-02,L,22,36836.134298
ASSAM,2022-06-03,L,29,55682.109394
ASSAM,2022-06-04,L,26,56981.250000
ASSAM,2022-06-05,L,28,63303.952806
ASSAM,2022-06-06,L,29,69482.665874
ASSAM,2022-06-07,L,30,73028.448889
ASSAM,2022-06-08,L,36,78377.354167
ASSAM,2022-06-09,L,37,81294.078890
ASSAM,2022-06-10,L,35,88225.668571
ASSAM,2022-06-11,L,32,95782.421875
ASSAM,2022-06-12,L,32,106511.538086
ASSAM,2022-06-13,M,29,100284.532699
ASSAM,2022-06-14,M,31,96033.109261
ASSAM,2022-06-15,S,29,102991.705113
ASSAM,2022-06-16,M,32,107711.558594
ASSAM,2022-06-17,M,32,97570.125000
ASSAM,2022-06-18,M,32,114527.256836
ASSAM,2022-06-19,M,31,115118.732570
ASSAM,2022-06-20,M,33,120165.329660
ASSAM,2022-06-21,M,33,98294.727273
ASSAM,2022-06-22,M,36,79926.965278
ASSAM,2022-06-23,M,35,85119.301224
ASSAM,2022-06-24,M,32,87262.839844
ASSAM,2022-06-25,M,33,69370.815427
ASSAM,2022-06-26,M,31,65840.160250
ASSAM,2022-06-27,M,33,58035.015611
ASSAM,2022-06-28,M,31,65309.625390
ASSAM,2022-06-29,M,32,67186.491211
ASSAM,2022-06-30,M,27,61149.802469
ASSAM,2022-07-01,M,25,65245.382400
ASSAM,2022-07-02,M,20,76960.940000
ASSAM,2022-07-03,M,17,49381.051903
ASSAM,2022-07-04,M,15,55198.062222
ASSAM,2022-07-05,M,12,65204.472222
ASSAM,2022-07-06,M,10,73387.760000
ASSAM,2022-07-07,S,6,18010.472222
ASSAM,2022-07-08,XL,2,1369.000000
ASSAM,2022-07-09,S,1,0.000000
BIHAR,2022-04-01,M,3,13334.222222
BIHAR,2022-04-02,M,9,26547.061728
BIHAR,2022-04-03,M,12,26200.805556
BIHAR,2022-04-04,M,20,64792.360000
BIHAR,2022-04-05,M,26,58613.248521
BIHAR,2022-04-06,M,31,55636.382934
BIHAR,2022-04-07,M,39,54527.530572
BIHAR,2022-04-08,M,45,60751.592099
BIHAR,2022-04-09,M,51,56043.218762
BIHAR,2022-04-10,M,55,61566.961983
BIHAR,2022-04-11,M,57,64445.617729
BIHAR,2022-04-12,M,56,111521.739796
BIHAR,2022-04-13,M,58,114887.313020
BIHAR,2022-04-14,M,53,111503.122108
BIHAR,2022-04-15,M,54,109982.702332
BIHAR,2022-04-16,M,58,106380.793103
BIHAR,2022-04-17,M,55,105592.052893
BIHAR,2022-04-18,M,54,99447.599451
BIHAR,2022-04-19,M,60,96226.147500
BIHAR,2022-04-20,M,60,91922.948889
BIHAR,2022-04-21,M,63,88976.925674
BIHAR,2022-04-22,M,65,49680.474793
BIHAR,2022-04-23,M,66,48907.552112
BIHAR,2022-04-24,M,66,48231.613636
BIHAR,2022-04-25,M,63,52054.342152
BIHAR,2022-04-26,M,59,51190.669922
BIHAR,2022-04-27,M,62,54980.361082
BIHAR,2022-04-28,M,59,60897.111175
BIHAR,2022-04-29,M,49,64310.168263
BIHAR,2022-04-30,M,52,75915.597633
BIHAR,2022-05-01,M,54,69344.592593
BIHAR,2022-05-02,M,49,78442.270721
BIHAR,2022-05-03,M,52,75110.707101
BIHAR,2022-05-04,M,53,70896.877892
BIHAR,2022-05-05,M,56,78179.274235
BIHAR,2022-05-06,M,57,85795.489074
BIHAR,2022-05-07,M,52,81745.955621
BIHAR,2022-05-08,M,51,80865.506344
BIHAR,2022-05-09,M,54,90660.438957
BIHAR,2022-05-10,M,49,80207.287797
BIHAR,2022-05-11,M,42,102609.344671
BIHAR,2022-05-12,M,41,100400.985128
BIHAR,2022-05-13,M,41,121168.395003
BIHAR,2022-05-14,M,38,132082.870499
BIHAR,2022-05-15,M,33,148567.996327
BIHAR,2022-05-16,M,31,160897.023933
BIHAR,2022-05-17,M,29,177182.373365
BIHAR,2022-05-18,M,30,166500.045556
BIHAR,2022-05-19,S,29,122851.493460
BIHAR,2022-05-20,S,31,140899.554631
BIHAR,2022-05-21,S,29,147764.896552
BIHAR,2022-05-22,M,31,164203.288241
BIHAR,2022-05-23,L,34,110379.463668
BIHAR,2022-05-24,L,34,83547.221453
BIHAR,2022-05-25,L,35,61956.078367
BIHAR,2022-05-26,L,37,78928.734843
BIHAR,2022-05-27,L,38,75488.022161
BIHAR,2022-05-28,L,28,69135.973214
BIHAR,2022-05-29,M,31,155929.868887
BIHAR,2022-05-30,M,29,163677.034483
BIHAR,2022-05-31,L,31,68838.160250
BIHAR,2022-06-01,L,30,71089.373333
BIHAR,2022-06-02,L,28,81301.248724
BIHAR,2022-06-03,M,32,126797.178711
BIHAR,2022-06-04,M,32,122273.359375
BIHAR,2022-06-05,M,30,118311.595556
BIHAR,2022-06-06,M,35,107704.702041
BIHAR,2022-06-07,M,36,99498.682099
BIHAR,2022-06-08,M,34,85847.301903
BIHAR,2022-06-09,M,37,81296.258583
BIHAR,2022-06-10,M,38,63255.725762
BIHAR,2022-06-11,M,41,61200.755503
BIHAR,2022-06-12,M,43,54942.684694
BIHAR,2022-06-13,M,39,37658.127548
BIHAR,2022-06-14,M,40,42437.599375
BIHAR,2022-06-15,M,39,43030.163051
BIHAR,2022-06-16,M,36,41546.978395
BIHAR,2022-06-17,M,37,35986.495252
BIHAR,2022-06-18,M,37,45539.326516
BIHAR,2022-06-19,M,39,54944.762656
BIHAR,2022-06-20,M,40,53537.974375
BIHAR,2022-06-21,L,38,143690.944598
BIHAR,2022-06-22,M,36,51754.341821
BIHAR,2022-06-23,S,39,75459.689678
BIHAR,2022-06-24,S,36,77926.589506
BIHAR,2022-06-25,M,40,68537.194375
BIHAR,2022-06-26,M,38,76226.482687
BIHAR,2022-06-27,M,37,76213.678598
BIHAR,2022-06-28,S,38,70406.837258
BIHAR,2022-06-29,S,36,66228.860340
BIHAR,2022-06-30,S,35,71136.130612
BIHAR,2022-07-01,S,30,81524.395556
BIHAR,2022-07-02,S,25,86717.334400
BIHAR,2022-07-03,M,18,88910.283951
BIHAR,2022-07-04,M,16,80512.625000
BIHAR,2022-07-05,S,12,71098.909722
BIHAR,2022-07-06,S,11,76844.512397
BIHAR,2022-07-07,S,7,114270.530612
BIHAR,2022-07-08,XL,3,16749.555556
BIHAR,2022-07-09,S,2,21609.000000
CHANDIGARH,2022-04-01,3XL,1,0.000000
CHANDIGARH,2022-04-02,3XL,4,62021.687500
CHANDIGARH,2022-04-03,3XL,4,62021.687500
CHANDIGARH,2022-04-04,3XL,4,62021.687500
CHANDIGARH,2022-04-05,3XL,4,62021.687500
CHANDIGARH,2022-04-06,3XL,4,62021.687500
CHANDIGARH,2022-04-07,3XL,4,62021.687500
CHANDIGARH,2022-04-08,3XL,5,50247.360000
CHANDIGARH,2022-04-09,L,9,78946.098765
CHANDIGARH,2022-04-10,L,9,78946.098765
CHANDIGARH,2022-04-11,L,9,78946.098765
CHANDIGARH,2022-04-12,L,9,32911.333333
CHANDIGARH,2022-04-13,L,9,32911.333333
CHANDIGARH,2022-04-14,L,11,36118.380165
CHANDIGARH,2022-04-15,L,11,36118.380165
CHANDIGARH,2022-04-16,L,9,41762.444444
CHANDIGARH,2022-04-17,L,9,40832.444444
CHANDIGARH,2022-04-18,L,9,47500.888889
CHANDIGARH,2022-04-19,L,6,28091.222222
CHANDIGARH,2022-04-20,L,7,25077.387755
CHANDIGARH,2022-04-21,L,7,25077.387755
CHANDIGARH,2022-04-22,L,7,16830.693878
CHANDIGARH,2022-04-23,L,14,88246.979592
CHANDIGARH,2022-04-24,L,15,105406.995556
CHANDIGARH,2022-04-25,L,16,99557.562500
CHANDIGARH,2022-04-26,L,16,99557.562500
CHANDIGARH,2022-04-27,L,15,98625.733333
CHANDIGARH,2022-04-28,L,14,95586.066327
CHANDIGARH,2022-04-29,L,13,97846.769231
CHANDIGARH,2022-04-30,L,12,103329.888889
CHANDIGARH,2022-05-01,L,13,97393.467456
CHANDIGARH,2022-05-02,L,13,86789.443787
CHANDIGARH,2022-05-03,XXL,8,89703.734375
CHANDIGARH,2022-05-04,XXL,7,41642.979592
CHANDIGARH,2022-05-05,XXL,7,41642.979592
CHANDIGARH,2022-05-06,3XL,7,53477.142857
CHANDIGARH,2022-05-07,3XL,8,68548.937500
CHANDIGARH,2022-05-08,3XL,10,83526.410000
CHANDIGARH,2022-05-09,3XL,10,83526.410000
CHANDIGARH,2022-05-10,XL,9,19204.395062
CHANDIGARH,2022-05-11,3XL,9,46461.283951
CHANDIGARH,2022-05-12,XL,8,21535.500000
CHANDIGARH,2022-05-13,XL,8,21535.500000
CHANDIGARH,2022-05-14,XL,7,24588.489796
CHANDIGARH,2022-05-15,M,8,30490.687500
CHANDIGARH,2022-05-16,3XL,8,49230.000000
CHANDIGARH,2022-05-17,M,8,26828.687500
CHANDIGARH,2022-05-18,M,8,26828.687500
CHANDIGARH,2022-05-19,XL,7,22352.979592
CHANDIGARH,2022-05-20,XL,6,21653.333333
CHANDIGARH,2022-05-21,3XL,7,31578.530612
CHANDIGARH,2022-05-22,3XL,7,31578.530612
CHANDIGARH,2022-05-23,3XL,8,27838.859375
CHANDIGARH,2022-05-24,3XL,8,27838.859375
CHANDIGARH,2022-05-25,L,7,137462.489796
CHANDIGARH,2022-05-26,XL,7,47405.061224
CHANDIGARH,2022-05-27,XL,6,52034.222222
CHANDIGARH,2022-05-28,XL,6,52034.222222
CHANDIGARH,2022-05-29,XXL,4,128886.187500
CHANDIGARH,2022-05-30,XXL,4,128886.187500
CHANDIGARH,2022-05-31,XXL,4,128886.187500
CHANDIGARH,2022-06-01,M,5,56135.840000
CHANDIGARH,2022-06-02,XL,5,109667.440000
CHANDIGARH,2022-06-03,L,5,95616.560000
CHANDIGARH,2022-06-04,L,7,74518.122449
CHANDIGARH,2022-06-05,L,7,74518.122449
CHANDIGARH,2022-06-06,L,7,74518.122449
CHANDIGARH,2022-06-07,L,7,74518.122449
CHANDIGARH,2022-06-08,L,7,74518.122449
CHANDIGARH,2022-06-09,L,7,74518.122449
CHANDIGARH,2022-06-10,XL,8,76938.359375
CHANDIGARH,2022-06-11,XL,8,76938.359375
CHANDIGARH,2022-06-12,XL,8,34089.609375
CHANDIGARH,2022-06-13,XL,9,32346.320988
CHANDIGARH,2022-06-14,XL,7,35301.632653
CHANDIGARH,2022-06-15,XL,8,35745.234375
CHANDIGARH,2022-06-16,M,9,62150.172840
CHANDIGARH,2022-06-17,XL,8,48889.359375
CHANDIGARH,2022-06-18,M,9,62890.617284
CHANDIGARH,2022-06-19,M,9,159381.111111
CHANDIGARH,2022-06-20,M,9,169146.543210
CHANDIGARH,2022-06-21,L,6,56203.138889
CHANDIGARH,2022-06-22,L,6,56203.138889
CHANDIGARH,2022-06-23,L,5,61959.440000
CHANDIGARH,2022-06-24,M,6,153814.138889
CHANDIGARH,2022-06-25,M,5,183898.560000
CHANDIGARH,2022-06-26,M,5,184290.560000
CHANDIGARH,2022-06-27,XS,6,15896.888889
CHANDIGARH,2022-06-28,M,6,139661.888889
CHANDIGARH,2022-06-29,XS,5,18231.360000
CHANDIGARH,2022-06-30,XS,5,18231.360000
CHANDIGARH,2022-07-01,XS,5,18231.360000
CHANDIGARH,2022-07-02,M,4,4163.187500
CHANDIGARH,2022-07-03,M,4,4163.187500
CHANDIGARH,2022-07-04,M,3,2544.222222
CHANDIGARH,2022-07-05,M,3,2544.222222
CHANDIGARH,2022-07-06,M,2,2862.250000
CHANDIGARH,2022-07-07,3XL,1,0.000000
CHANDIGARH,2022-07-08,S,1,0.000000
CHHATTISGARH,2022-04-01,M,1,0.000000
CHHATTISGARH,2022-04-02,L,3,86920.666667
CHHATTISGARH,2022-04-03,L,5,85368.400000
CHHATTISGARH,2022-04-04,M,9,44368.098765
CHHATTISGARH,2022-04-05,M,11,47762.925620
CHHATTISGARH,2022-04-06,M,11,47762.925620
CHHATTISGARH,2022-04-07,M,12,45159.909722
CHHATTISGARH,2022-04-08,M,14,54735.244898
CHHATTISGARH,2022-04-09,M,16,54275.652344
CHHATTISGARH,2022-04-10,M,18,57358.570988
CHHATTISGARH,2022-04-11,M,18,62537.361111
CHHATTISGARH,2022-04-12,S,24,89756.539931
CHHATTISGARH,2022-04-13,S,23,93207.954631
CHHATTISGARH,2022-04-14,S,23,93088.287335
CHHATTISGARH,2022-04-15,S,23,85711.009452
CHHATTISGARH,2022-04-16,S,22,95197.148760
CHHATTISGARH,2022-04-17,S,22,93755.066116
CHHATTISGARH,2022-04-18,S,22,96293.958678
CHHATTISGARH,2022-04-19,S,25,99921.120000
CHHATTISGARH,2022-04-20,S,25,78659.110400
CHHATTISGARH,2022-04-21,S,26,65642.213018
CHHATTISGARH,2022-04-22,M,23,54951.149338
CHHATTISGARH,2022-04-23,S,22,64890.126033
CHHATTISGARH,2022-04-24,M,24,45296.623264
CHHATTISGARH,2022-04-25,M,25,51470.169600
CHHATTISGARH,2022-04-26,M,26,55453.769231
CHHATTISGARH,2022-04-27,M,27,57336.982167
CHHATTISGARH,2022-04-28,M,27,58043.061728
CHHATTISGARH,2022-04-29,M,27,39964.850480
CHHATTISGARH,2022-04-30,M,24,38696.388889
CHHATTISGARH,2022-05-01,M,26,39863.386095
CHHATTISGARH,2022-05-02,M,27,38923.945130
CHHATTISGARH,2022-05-03,M,28,40022.963010
CHHATTISGARH,2022-05-04,M,25,40684.649600
CHHATTISGARH,2022-05-05,M,22,46108.572314
CHHATTISGARH,2022-05-06,M,20,38319.040000
CHHATTISGARH,2022-05-07,S,22,38413.876033
CHHATTISGARH,2022-05-08,S,22,51469.685950
CHHATTISGARH,2022-05-09,S,20,54960.690000
CHHATTISGARH,2022-05-10,M,19,55789.495845
CHHATTISGARH,2022-05-11,M,18,61707.472222
CHHATTISGARH,2022-05-12,M,17,75442.242215
CHHATTISGARH,2022-05-13,M,15,74748.373333
CHHATTISGARH,2022-05-14,M,14,80048.454082
CHHATTISGARH,2022-05-15,M,15,73908.373333
CHHATTISGARH,2022-05-16,M,15,73908.373333
CHHATTISGARH,2022-05-17,L,16,53832.339844
CHHATTISGARH,2022-05-18,L,16,66309.589844
CHHATTISGARH,2022-05-19,L,19,60046.869806
CHHATTISGARH,2022-05-20,L,20,60685.000000
CHHATTISGARH,2022-05-21,L,18,65497.765432
CHHATTISGARH,2022-05-22,L,19,106847.883657
CHHATTISGARH,2022-05-23,L,20,117991.347500
CHHATTISGARH,2022-05-24,L,25,100883.718400
CHHATTISGARH,2022-05-25,L,26,100932.940828
CHHATTISGARH,2022-05-26,L,24,88655.039931
CHHATTISGARH,2022-05-27,L,20,100309.227500
CHHATTISGARH,2022-05-28,L,19,92971.008310
CHHATTISGARH,2022-05-29,L,18,160369.583333
CHHATTISGARH,2022-05-30,L,19,183168.260388
CHHATTISGARH,2022-05-31,L,21,182686.816327
CHHATTISGARH,2022-06-01,L,18,172782.361111
CHHATTISGARH,2022-06-02,L,19,173884.831025
CHHATTISGARH,2022-06-03,M,15,71188.062222
CHHATTISGARH,2022-06-04,M,14,75936.857143
CHHATTISGARH,2022-06-05,M,15,70879.440000
CHHATTISGARH,2022-06-06,S,17,58227.584775
CHHATTISGARH,2022-06-07,S,16,58476.808594
CHHATTISGARH,2022-06-08,M,16,67215.234375
CHHATTISGARH,2022-06-09,S,15,70984.782222
CHHATTISGARH,2022-06-10,M,15,78271.128889
CHHATTISGARH,2022-06-11,M,14,61152.658163
CHHATTISGARH,2022-06-12,M,17,75555.231834
CHHATTISGARH,2022-06-13,M,19,121827.900277
CHHATTISGARH,2022-06-14,M,19,121827.900277
CHHATTISGARH,2022-06-15,M,19,122800.199446
CHHATTISGARH,2022-06-16,M,17,133749.515571
CHHATTISGARH,2022-06-17,M,17,101604.698962
CHHATTISGARH,2022-06-18,L,16,92736.746094
CHHATTISGARH,2022-06-19,L,16,94790.609375
CHHATTISGARH,2022-06-20,M,14,178614.025510
CHHATTISGARH,2022-06-21,M,17,165411.633218
CHHATTISGARH,2022-06-22,M,17,141990.477509
CHHATTISGARH,2022-06-23,M,18,105437.583333
CHHATTISGARH,2022-06-24,M,20,108725.487500
CHHATTISGARH,2022-06-25,M,20,106596.927500
CHHATTISGARH,2022-06-26,M,23,97722.253308
CHHATTISGARH,2022-06-27,M,21,110280.848073
CHHATTISGARH,2022-06-28,M,20,71107.110000
CHHATTISGARH,2022-06-29,M,21,68009.133787
CHHATTISGARH,2022-06-30,M,19,74006.770083
CHHATTISGARH,2022-07-01,M,16,61346.964844
CHHATTISGARH,2022-07-02,M,13,31653.005917
CHHATTISGARH,2022-07-03,M,9,32404.987654
CHHATTISGARH,2022-07-04,M,7,28006.489796
CHHATTISGARH,2022-07-05,M,6,31980.888889
CHHATTISGARH,2022-07-06,M,3,26993.555556
CHHATTISGARH,2022-07-07,M,2,2970.250000
CHHATTISGARH,2022-07-08,M,1,0.000000
DADRA AND NAGAR,2022-04-02,XS,1,0.000000
DADRA AND NAGAR,2022-04-03,XS,1,0.000000
DADRA AND NAGAR,2022-04-04,XL,1,0.000000
DADRA AND NAGAR,2022-04-05,M,1,0.000000
DADRA AND NAGAR,2022-04-06,L,1,0.000000
DADRA AND NAGAR,2022-04-07,L,2,11449.000000
DADRA AND NAGAR,2022-04-08,L,2,11449.000000
DADRA AND NAGAR,2022-04-09,L,3,14438.222222
DADRA AND NAGAR,2022-04-10,L,3,14438.222222
DADRA AND NAGAR,2022-04-11,L,3,14438.222222
DADRA AND NAGAR,2022-04-12,L,3,14438.222222
DADRA AND NAGAR,2022-04-13,L,3,14438.222222
DADRA AND NAGAR,2022-04-14,L,3,14438.222222
DADRA AND NAGAR,2022-04-15,L,3,14438.222222
DADRA AND NAGAR,2022-04-16,L,2,1156.000000
DADRA AND NAGAR,2022-04-17,XS,2,240.250000
DADRA AND NAGAR,2022-04-18,XS,2,240.250000
DADRA AND NAGAR,2022-04-19,XS,3,8916.222222
DADRA AND NAGAR,2022-04-20,XS,3,8916.222222
DADRA AND NAGAR,2022-04-21,XS,3,8916.222222
DADRA AND NAGAR,2022-04-22,XS,3,8916.222222
DADRA AND NAGAR,2022-04-23,XS,3,8916.222222
DADRA AND NAGAR,2022-04-24,XS,3,8916.222222
DADRA AND NAGAR,2022-04-25,XS,3,8916.222222
DADRA AND NAGAR,2022-04-26,XS,3,8916.222222
DADRA AND NAGAR,2022-04-27,M,2,2500.000000
DADRA AND NAGAR,2022-04-28,M,2,2500.000000
DADRA AND NAGAR,2022-04-29,M,2,2500.000000
DADRA AND NAGAR,2022-04-30,M,2,2500.000000
DADRA AND NAGAR,2022-05-01,3XL,4,203.500000
DADRA AND NAGAR,2022-05-02,3XL,4,203.500000
DADRA AND NAGAR,2022-05-03,3XL,4,203.500000
DADRA AND NAGAR,2022-05-04,3XL,4,203.500000
DADRA AND NAGAR,2022-05-05,3XL,4,203.500000
DADRA AND NAGAR,2022-05-06,3XL,4,203.500000
DADRA AND NAGAR,2022-05-07,3XL,4,203.500000
DADRA AND NAGAR,2022-05-08,3XL,4,203.500000
DADRA AND NAGAR,2022-05-09,3XL,4,203.500000
DADRA AND NAGAR,2022-05-10,3XL,4,203.500000
DADRA AND NAGAR,2022-05-11,XL,3,48082.666667
DADRA AND NAGAR,2022-05-12,L,3,31952.888889
DADRA AND NAGAR,2022-05-13,L,3,31952.888889
DADRA AND NAGAR,2022-05-14,L,3,31952.888889
DADRA AND NAGAR,2022-05-15,L,4,31386.187500
DADRA AND NAGAR,2022-05-16,L,4,31386.187500
DADRA AND NAGAR,2022-05-17,L,4,31386.187500
DADRA AND NAGAR,2022-05-18,S,3,26106.000000
DADRA AND NAGAR,2022-05-19,S,3,26106.000000
DADRA AND NAGAR,2022-05-20,S,3,26106.000000
DADRA AND NAGAR,2022-05-21,L,3,38841.555556
DADRA AND NAGAR,2022-05-22,L,2,992.250000
DADRA AND NAGAR,2022-05-23,L,2,992.250000
DADRA AND NAGAR,2022-05-24,L,2,992.250000
DADRA AND NAGAR,2022-05-25,M,1,0.000000
DADRA AND NAGAR,2022-05-26,M,1,0.000000
DADRA AND NAGAR,2022-05-27,M,1,0.000000
DADRA AND NAGAR,2022-06-02,M,1,0.000000
DADRA AND NAGAR,2022-06-03,M,1,0.000000
DADRA AND NAGAR,2022-06-04,M,1,0.000000
DADRA AND NAGAR,2022-06-05,M,1,0.000000
DADRA AND NAGAR,2022-06-06,M,1,0.000000
DADRA AND NAGAR,2022-06-07,M,1,0.000000
DADRA AND NAGAR,2022-06-08,L,1,0.000000
DADRA AND NAGAR,2022-06-09,L,1,0.000000
DADRA AND NAGAR,2022-06-10,L,1,0.000000
DADRA AND NAGAR,2022-06-11,M,3,3238.222222
DADRA AND NAGAR,2022-06-12,M,2,1849.000000
DADRA AND NAGAR,2022-06-13,M,5,50900.960000
DADRA AND NAGAR,2022-06-14,M,5,50900.960000
DADRA AND NAGAR,2022-06-15,M,5,50900.960000
DADRA AND NAGAR,2022-06-16,M,5,50900.960000
DADRA AND NAGAR,2022-06-17,M,6,42447.888889
DADRA AND NAGAR,2022-06-18,M,6,42447.888889
DADRA AND NAGAR,2022-06-19,M,6,42447.888889
DADRA AND NAGAR,2022-06-20,M,6,42447.888889
DADRA AND NAGAR,2022-06-21,M,4,54373.250000
DADRA AND NAGAR,2022-06-22,M,4,54373.250000
DADRA AND NAGAR,2022-06-23,3XL,1,0.000000
DADRA AND NAGAR,2022-06-24,3XL,1,0.000000
DADRA AND NAGAR,2022-06-25,3XL,1,0.000000
DADRA AND NAGAR,2022-06-26,M,1,0.000000
DADRA AND NAGAR,2022-06-27,M,1,0.000000
DADRA AND NAGAR,2022-06-28,M,1,0.000000
DADRA AND NAGAR,2022-06-29,M,1,0.000000
DADRA AND NAGAR,2022-06-30,M,1,0.000000
DADRA AND NAGAR,2022-07-01,M,1,0.000000
DADRA AND NAGAR,2022-07-02,M,1,0.000000
DADRA AND NAGAR,2022-07-03,M,1,0.000000
DADRA AND NAGAR,2022-07-04,M,1,0.000000
DADRA AND NAGAR,2022-07-05,M,1,0.000000
DADRA AND NAGAR,2022-07-06,M,1,0.000000
DELHI,2022-04-01,XS,4,138366.687500
DELHI,2022-04-02,M,20,85967.100000
DELHI,2022-04-03,L,30,89484.912222
DELHI,2022-04-04,L,47,76856.372114
DELHI,2022-04-05,L,60,79380.683056
DELHI,2022-04-06,L,75,74051.608889
DELHI,2022-04-07,L,88,71205.046358
DELHI,2022-04-08,M,102,80755.277586
DELHI,2022-04-09,L,118,74888.871086
DELHI,2022-04-10,L,129,75117.799531
DELHI,2022-04-11,L,145,73280.413793
DELHI,2022-04-12,XL,146,61237.418887
DELHI,2022-04-13,M,140,75592.694082
DELHI,2022-04-14,L,138,72821.648813
DELHI,2022-04-15,L,139,67772.566741
DELHI,2022-04-16,M,141,82424.390825
DELHI,2022-04-17,XL,148,69304.535930
DELHI,2022-04-18,XL,146,70952.374977
DELHI,2022-04-19,M,143,77037.724877
DELHI,2022-04-20,M,146,70656.525052
DELHI,2022-04-21,M,149,75843.377415
DELHI,2022-04-22,M,154,75642.891887
DELHI,2022-04-23,M,154,76079.305996
DELHI,2022-04-24,M,160,77176.767773
DELHI,2022-04-25,M,161,77629.911655
DELHI,2022-04-26,M,155,73245.837003
DELHI,2022-04-27,M,151,83878.927065
DELHI,2022-04-28,M,144,82551.887683
DELHI,2022-04-29,M,142,78892.168270
DELHI,2022-04-30,M,136,81535.284981
DELHI,2022-05-01,M,136,82881.625811
DELHI,2022-05-02,M,136,78462.285846
DELHI,2022-05-03,M,133,75396.723727
DELHI,2022-05-04,M,136,70561.608510
DELHI,2022-05-05,M,137,64551.270819
DELHI,2022-05-06,M,132,72503.472624
DELHI,2022-05-07,M,126,70667.689090
DELHI,2022-05-08,M,135,70990.940247
DELHI,2022-05-09,M,146,75534.452430
DELHI,2022-05-10,M,149,79280.107653
DELHI,2022-05-11,M,141,73664.916855
DELHI,2022-05-12,M,130,75463.815148
DELHI,2022-05-13,M,121,78493.695376
DELHI,2022-05-14,L,114,68232.892890
DELHI,2022-05-15,L,112,77804.002232
DELHI,2022-05-16,L,119,80204.079090
DELHI,2022-05-17,M,108,77490.140604
DELHI,2022-05-18,L,106,79372.441883
DELHI,2022-05-19,L,105,83452.641814
DELHI,2022-05-20,L,106,79267.911712
DELHI,2022-05-21,M,102,53601.731257
DELHI,2022-05-22,L,103,61853.338298
DELHI,2022-05-23,M,111,65495.120688
DELHI,2022-05-24,M,112,70531.736527
DELHI,2022-05-25,M,119,61805.492267
DELHI,2022-05-26,M,122,67328.869188
DELHI,2022-05-27,M,115,69864.050964
DELHI,2022-05-28,M,113,71999.081839
DELHI,2022-05-29,M,115,78041.740643
DELHI,2022-05-30,M,113,80575.264939
DELHI,2022-05-31,M,104,89895.828033
DELHI,2022-06-01,M,108,86471.021519
DELHI,2022-06-02,M,107,77789.796139
DELHI,2022-06-03,M,113,81166.848461
DELHI,2022-06-04,M,112,88523.959184
DELHI,2022-06-05,M,111,79537.404107
DELHI,2022-06-06,M,114,72466.664512
DELHI,2022-06-07,L,114,94584.324100
DELHI,2022-06-08,XXL,117,72607.979984
DELHI,2022-06-09,XXL,115,81234.031304
DELHI,2022-06-10,L,113,108654.149424
DELHI,2022-06-11,XXL,118,90295.786340
DELHI,2022-06-12,XXL,112,90273.191247
DELHI,2022-06-13,XXL,113,92905.513823
DELHI,2022-06-14,L,114,114803.513081
DELHI,2022-06-15,L,115,101770.568620
DELHI,2022-06-16,XL,107,75445.805048
DELHI,2022-06-17,XL,111,74252.727538
DELHI,2022-06-18,XL,116,72516.043029
DELHI,2022-06-19,XL,117,69155.860618
DELHI,2022-06-20,XL,112,73261.133849
DELHI,2022-06-21,XL,124,76636.487773
DELHI,2022-06-22,XL,127,81374.074772
DELHI,2022-06-23,XL,128,82089.277100
DELHI,2022-06-24,XL,122,86759.319336
DELHI,2022-06-25,XL,116,95755.151828
DELHI,2022-06-26,XL,103,98393.580733
DELHI,2022-06-27,XL,93,105279.222569
DELHI,2022-06-28,XL,90,108845.948765
DELHI,2022-06-29,XXL,85,92613.115017
DELHI,2022-06-30,XXL,79,92571.588527
DELHI,2022-07-01,XXL,66,82502.711892
DELHI,2022-07-02,XXL,59,73498.049411
DELHI,2022-07-03,L,50,52870.158400
DELHI,2022-07-04,L,45,38684.338765
DELHI,2022-07-05,L,38,32712.676593
DELHI,2022-07-06,XXL,31,48169.877211
DELHI,2022-07-07,M,20,69747.627500
DELHI,2022-07-08,XS,10,29013.890000
DELHI,2022-07-09,M,3,23304.222222
GOA,2022-04-01,XXL,1,0.000000
GOA,2022-04-02,S,2,30.250000
GOA,2022-04-03,S,6,3763.888889
GOA,2022-04-04,S,10,9189.800000
GOA,2022-04-05,S,12,9598.055556
GOA,2022-04-06,L,17,50982.795848
GOA,2022-04-07,L,19,47442.559557
GOA,2022-04-08,L,19,47442.559557
GOA,2022-04-09,L,25,38439.625600
GOA,2022-04-10,L,26,36965.556213
GOA,2022-04-11,L,28,46847.265306
GOA,2022-04-12,L,29,47574.092747
GOA,2022-04-13,L,30,40552.165556
GOA,2022-04-14,M,26,32497.840237
GOA,2022-04-15,M,27,30096.521262
GOA,2022-04-16,M,29,39363.766944
GOA,2022-04-17,M,30,53843.040000
GOA,2022-04-18,M,28,62421.387755
GOA,2022-04-19,M,28,63592.280612
GOA,2022-04-20,M,29,65638.511296
GOA,2022-04-21,M,26,65250.421598
GOA,2022-04-22,M,29,60109.907253
GOA,2022-04-23,M,29,61230.972652
GOA,2022-04-24,M,27,64313.920439
GOA,2022-04-25,M,25,73606.240000
GOA,2022-04-26,M,25,67232.550400
GOA,2022-04-27,XXL,22,33398.413223
GOA,2022-04-28,S,24,101131.722222
GOA,2022-04-29,M,28,66217.718112
GOA,2022-04-30,M,24,70126.206597
GOA,2022-05-01,M,22,61786.861570
GOA,2022-05-02,3XL,22,51899.140496
GOA,2022-05-03,M,21,61244.380952
GOA,2022-05-04,M,26,58059.005917
GOA,2022-05-05,M,27,47771.950617
GOA,2022-05-06,M,26,47527.479290
GOA,2022-05-07,M,23,55108.593573
GOA,2022-05-08,M,22,42041.884298
GOA,2022-05-09,L,19,50516.869806
GOA,2022-05-10,XL,21,53499.705215
GOA,2022-05-11,L,20,48718.527500
GOA,2022-05-12,L,21,43033.714286
GOA,2022-05-13,XS,18,86547.320988
GOA,2022-05-14,XXL,15,42530.728889
GOA,2022-05-15,L,15,40456.133333
GOA,2022-05-16,S,15,37950.728889
GOA,2022-05-17,XXL,17,41734.525952
GOA,2022-05-18,XXL,17,38852.761246
GOA,2022-05-19,XL,17,57289.557093
GOA,2022-05-20,L,18,56520.888889
GOA,2022-05-21,L,17,59606.228374
GOA,2022-05-22,M,17,54339.875433
GOA,2022-05-23,M,18,54831.089506
GOA,2022-05-24,M,19,54308.692521
GOA,2022-05-25,M,18,42729.283951
GOA,2022-05-26,XL,18,55211.617284
GOA,2022-05-27,M,17,43910.013841
GOA,2022-05-28,XL,17,38970.179931
GOA,2022-05-29,M,14,40429.102041
GOA,2022-05-30,M,17,39126.733564
GOA,2022-05-31,M,16,25425.734375
GOA,2022-06-01,M,17,20551.418685
GOA,2022-06-02,M,18,19579.666667
GOA,2022-06-03,M,19,17637.008310
GOA,2022-06-04,S,19,35691.944598
GOA,2022-06-05,M,18,20268.682099
GOA,2022-06-06,M,20,22587.527500
GOA,2022-06-07,M,23,34030.948960
GOA,2022-06-08,M,26,33748.936391
GOA,2022-06-09,M,24,66506.706597
GOA,2022-06-10,XXL,24,56761.289931
GOA,2022-06-11,XXL,25,55402.025600
GOA,2022-06-12,XXL,25,55309.520000
GOA,2022-06-13,XXL,27,54461.212620
GOA,2022-06-14,XXL,23,20499.965974
GOA,2022-06-15,XXL,25,20598.160000
GOA,2022-06-16,M,21,77438.439909
GOA,2022-06-17,M,22,62623.140496
GOA,2022-06-18,M,21,63678.997732
GOA,2022-06-19,M,21,30403.392290
GOA,2022-06-20,M,24,32121.159722
GOA,2022-06-21,M,26,30222.869822
GOA,2022-06-22,M,24,31119.331597
GOA,2022-06-23,M,25,55525.302400
GOA,2022-06-24,M,21,60738.340136
GOA,2022-06-25,M,24,65389.076389
GOA,2022-06-26,M,24,67422.706597
GOA,2022-06-27,M,24,75439.388889
GOA,2022-06-28,M,23,79065.032136
GOA,2022-06-29,M,22,78862.241736
GOA,2022-06-30,M,19,82249.933518
GOA,2022-07-01,M,17,90059.044983
GOA,2022-07-02,M,17,90059.044983
GOA,2022-07-03,M,15,66346.906667
GOA,2022-07-04,M,13,73247.301775
GOA,2022-07-05,M,9,67949.555556
GOA,2022-07-06,M,7,67360.775510
GOA,2022-07-07,XS,6,123018.916667
GOA,2022-07-08,M,2,3906.250000
GOA,2022-07-09,M,1,0.000000
GUJARAT,2022-04-01,XXL,4,2784.250000
GUJARAT,2022-04-02,XL,17,92729.231834
GUJARAT,2022-04-03,XL,31,94821.583767
GUJARAT,2022-04-04,XL,43,112030.014062
GUJARAT,2022-04-05,XL,52,99328.005917
GUJARAT,2022-04-06,XL,58,100657.342747
GUJARAT,2022-04-07,XL,62,96241.661030
GUJARAT,2022-04-08,XL,65,93253.182485
GUJARAT,2022-04-09,XL,73,90005.233627
GUJARAT,2022-04-10,XL,83,93570.148721
GUJARAT,2022-04-11,XL,91,94704.977284
GUJARAT,2022-04-12,L,89,72088.575180
GUJARAT,2022-04-13,L,96,69676.102431
GUJARAT,2022-04-14,L,89,63239.067289
GUJARAT,2022-04-15,L,91,55787.359015
GUJARAT,2022-04-16,L,92,53995.812382
GUJARAT,2022-04-17,L,91,51072.085980
GUJARAT,2022-04-18,L,89,47680.921601
GUJARAT,2022-04-19,L,91,47870.655718
GUJARAT,2022-04-20,M,95,66421.424740
GUJARAT,2022-04-21,M,92,66023.776543
GUJARAT,2022-04-22,M,99,74780.125000
GUJARAT,2022-04-23,M,102,71881.495802
GUJARAT,2022-04-24,M,102,74691.589967
GUJARAT,2022-04-25,M,102,72205.640983
GUJARAT,2022-04-26,M,102,70986.178363
GUJARAT,2022-04-27,M,102,73295.647751
GUJARAT,2022-04-28,XL,96,63194.556938
GUJARAT,2022-04-29,XL,106,68067.414141
GUJARAT,2022-04-30,XL,105,62374.621312
GUJARAT,2022-05-01,XL,104,64082.727273
GUJARAT,2022-05-02,XL,115,65478.978843
GUJARAT,2022-05-03,XL,113,66404.867851
GUJARAT,2022-05-04,XL,109,64424.457458
GUJARAT,2022-05-05,XL,109,69756.129583
GUJARAT,2022-05-06,XL,106,78232.357432
GUJARAT,2022-05-07,XL,97,81773.015844
GUJARAT,2022-05-08,XL,102,87312.180186
GUJARAT,2022-05-09,XL,99,83650.068255
GUJARAT,2022-05-10,XL,96,80819.650284
GUJARAT,2022-05-11,3XL,88,57697.599919
GUJARAT,2022-05-12,3XL,87,60594.633080
GUJARAT,2022-05-13,3XL,89,50827.209935
GUJARAT,2022-05-14,3XL,86,51086.304280
GUJARAT,2022-05-15,3XL,82,54166.149375
GUJARAT,2022-05-16,3XL,80,56192.592105
GUJARAT,2022-05-17,3XL,89,52885.997785
GUJARAT,2022-05-18,3XL,84,61575.658594
GUJARAT,2022-05-19,3XL,76,60045.797115
GUJARAT,2022-05-20,3XL,77,63684.111289
GUJARAT,2022-05-21,3XL,77,62472.130489
GUJARAT,2022-05-22,3XL,74,57774.647377
GUJARAT,2022-05-23,3XL,72,63020.437723
GUJARAT,2022-05-24,3XL,71,73251.908953
GUJARAT,2022-05-25,3XL,69,85157.491506
GUJARAT,2022-05-26,L,67,60236.513609
GUJARAT,2022-05-27,L,64,58568.648543
GUJARAT,2022-05-28,L,66,85788.933594
GUJARAT,2022-05-29,3XL,61,100188.583056
GUJARAT,2022-05-30,XL,60,79962.604273
GUJARAT,2022-05-31,XL,59,74619.930579
GUJARAT,2022-06-01,XL,66,60599.777575
GUJARAT,2022-06-02,XL,68,56905.681589
GUJARAT,2022-06-03,XL,69,56974.832257
GUJARAT,2022-06-04,XL,69,64607.591446
GUJARAT,2022-06-05,XL,66,63448.917725
GUJARAT,2022-06-06,L,71,97935.466327
GUJARAT,2022-06-07,L,71,78839.518367
GUJARAT,2022-06-08,L,71,83243.567546
GUJARAT,2022-06-09,L,76,79844.666166
GUJARAT,2022-06-10,L,75,70153.739969
GUJARAT,2022-06-11,L,75,76758.080247
GUJARAT,2022-06-12,L,75,77668.887153
GUJARAT,2022-06-13,XXL,71,71918.718858
GUJARAT,2022-06-14,XXL,74,72064.843483
GUJARAT,2022-06-15,XXL,80,71106.062623
GUJARAT,2022-06-16,XXL,83,72232.978814
GUJARAT,2022-06-17,XXL,84,71499.847710
GUJARAT,2022-06-18,XXL,79,61799.637376
GUJARAT,2022-06-19,XXL,73,61422.081066
GUJARAT,2022-06-20,M,70,85824.302041
GUJARAT,2022-06-21,XXL,65,67074.285444
GUJARAT,2022-06-22,M,66,85788.218779
GUJARAT,2022-06-23,XXL,65,59479.477870
GUJARAT,2022-06-24,XXL,64,57550.843506
GUJARAT,2022-06-25,XXL,66,67898.252525
GUJARAT,2022-06-26,XL,62,91224.503902
GUJARAT,2022-06-27,XL,65,78923.449941
GUJARAT,2022-06-28,XXL,69,71500.318841
GUJARAT,2022-06-29,XXL,67,69107.059479
GUJARAT,2022-06-30,XXL,64,69281.868896
GUJARAT,2022-07-01,XXL,61,71204.005912
GUJARAT,2022-07-02,XXL,53,72019.473834
GUJARAT,2022-07-03,XXL,44,70694.980888
GUJARAT,2022-07-04,XL,37,42984.273192
GUJARAT,2022-07-05,XL,27,45310.595336
GUJARAT,2022-07-06,XXL,21,46650.058957
GUJARAT,2022-07-07,XXL,16,54910.359375
GUJARAT,2022-07-08,XL,8,46032.250000
GUJARAT,2022-07-09,S,2,80940.250000
HARYANA,2022-04-01,XL,4,22653.500000
HARYANA,2022-04-02,XL,11,36999.289256
HARYANA,2022-04-03,S,17,61462.290657
HARYANA,2022-04-04,L,28,87192.887755
HARYANA,2022-04-05,L,34,85688.222318
HARYANA,2022-04-06,L,45,82753.523951
HARYANA,2022-04-07,L,48,101564.457899
HARYANA,2022-04-08,L,53,93808.546814
HARYANA,2022-04-09,L,63,93275.370118
HARYANA,2022-04-10,L,75,85339.688889
HARYANA,2022-04-11,L,86,86057.899405
HARYANA,2022-04-12,L,85,89518.231696
HARYANA,2022-04-13,L,82,94990.374926
HARYANA,2022-04-14,M,89,75570.941800
HARYANA,2022-04-15,M,84,72872.739796
HARYANA,2022-04-16,M,84,78382.049320
HARYANA,2022-04-17,M,92,77965.075024
HARYANA,2022-04-18,M,98,81848.241566
HARYANA,2022-04-19,M,95,81874.274792
HARYANA,2022-04-20,M,93,76038.090878
HARYANA,2022-04-21,M,89,98811.454362
HARYANA,2022-04-22,M,95,98158.567978
HARYANA,2022-04-23,M,92,97756.899220
HARYANA,2022-04-24,XL,98,87635.034152
HARYANA,2022-04-25,XL,101,92796.104500
HARYANA,2022-04-26,XL,100,93381.710000
HARYANA,2022-04-27,XL,94,90552.894183
HARYANA,2022-04-28,XL,87,78822.823094
HARYANA,2022-04-29,XL,92,90726.765595
HARYANA,2022-04-30,XL,94,88515.750566
HARYANA,2022-05-01,XL,93,85364.422014
HARYANA,2022-05-02,L,93,72494.680079
HARYANA,2022-05-03,XL,91,72470.001691
HARYANA,2022-05-04,L,93,76254.625043
HARYANA,2022-05-05,XL,93,65299.492427
HARYANA,2022-05-06,XL,92,66068.708294
HARYANA,2022-05-07,XL,91,65731.803647
HARYANA,2022-05-08,XL,90,67670.590617
HARYANA,2022-05-09,L,89,86952.559273
HARYANA,2022-05-10,M,81,190510.963268
HARYANA,2022-05-11,M,82,198082.253421
HARYANA,2022-05-12,M,82,191424.220107
HARYANA,2022-05-13,M,82,196187.116002
HARYANA,2022-05-14,M,71,205486.409839
HARYANA,2022-05-15,M,73,206446.103584
HARYANA,2022-05-16,M,70,209823.515306
HARYANA,2022-05-17,M,72,207887.083140
HARYANA,2022-05-18,XL,71,78367.978576
HARYANA,2022-05-19,XL,69,80242.906532
HARYANA,2022-05-20,XL,66,77402.552801
HARYANA,2022-05-21,XL,66,78150.360193
HARYANA,2022-05-22,L,65,69381.634083
HARYANA,2022-05-23,L,68,56965.919550
HARYANA,2022-05-24,L,71,60743.026384
HARYANA,2022-05-25,L,74,63676.947589
HARYANA,2022-05-26,L,69,65039.555556
HARYANA,2022-05-27,M,70,94109.690612
HARYANA,2022-05-28,M,75,95288.615822
HARYANA,2022-05-29,M,78,106810.051282
HARYANA,2022-05-30,M,80,108041.742344
HARYANA,2022-05-31,M,85,107572.483599
HARYANA,2022-06-01,M,84,93206.603600
HARYANA,2022-06-02,M,90,79933.070247
HARYANA,2022-06-03,M,89,84352.795102
HARYANA,2022-06-04,M,91,88670.817776
HARYANA,2022-06-05,M,89,89245.201111
HARYANA,2022-06-06,M,84,103538.451814
HARYANA,2022-06-07,L,83,108540.224125
HARYANA,2022-06-08,M,84,93099.508362
HARYANA,2022-06-09,L,83,116812.033677
HARYANA,2022-06-10,L,85,111923.395156
HARYANA,2022-06-11,L,83,99034.658731
HARYANA,2022-06-12,L,80,93898.804844
HARYANA,2022-06-13,L,85,101904.568304
HARYANA,2022-06-14,L,89,91854.719101
HARYANA,2022-06-15,L,91,93113.637242
HARYANA,2022-06-16,L,83,92758.152998
HARYANA,2022-06-17,L,88,92759.237474
HARYANA,2022-06-18,L,89,105457.155915
HARYANA,2022-06-19,L,86,111559.393862
HARYANA,2022-06-20,L,78,118317.445102
HARYANA,2022-06-21,XXL,72,89911.802469
HARYANA,2022-06-22,L,72,118660.384066
HARYANA,2022-06-23,L,67,115150.668300
HARYANA,2022-06-24,XXL,69,84758.881327
HARYANA,2022-06-25,M,65,92941.406864
HARYANA,2022-06-26,XXL,62,76527.414412
HARYANA,2022-06-27,L,60,106722.503056
HARYANA,2022-06-28,L,59,93455.605860
HARYANA,2022-06-29,M,57,100707.968606
HARYANA,2022-06-30,XL,56,107251.034439
HARYANA,2022-07-01,L,51,73711.112649
HARYANA,2022-07-02,XL,46,109469.637524
HARYANA,2022-07-03,XL,42,103553.880385
HARYANA,2022-07-04,XL,34,107896.837370
HARYANA,2022-07-05,L,31,79532.516129
HARYANA,2022-07-06,L,23,82141.270321
HARYANA,2022-07-07,M,14,131739.658163
HARYANA,2022-07-08,M,7,78738.244898
HARYANA,2022-07-09,S,4,72486.687500
HIMACHAL PRADESH,2022-04-02,L,7,58352.816327
HIMACHAL PRADESH,2022-04-03,L,10,49147.250000
HIMACHAL PRADESH,2022-04-04,L,11,49990.247934
HIMACHAL PRADESH,2022-04-05,L,16,51201.371094
HIMACHAL PRADESH,2022-04-06,L,19,47141.290859
HIMACHAL PRADESH,2022-04-07,L,19,47141.290859
HIMACHAL PRADESH,2022-04-08,L,19,47141.290859
HIMACHAL PRADESH,2022-04-09,L,20,46700.260000
HIMACHAL PRADESH,2022-04-10,L,21,44487.759637
HIMACHAL PRADESH,2022-04-11,L,23,66999.977316
HIMACHAL PRADESH,2022-04-12,L,18,63578.694444
HIMACHAL PRADESH,2022-04-13,S,16,166868.484375
HIMACHAL PRADESH,2022-04-14,L,14,51694.392857
HIMACHAL PRADESH,2022-04-15,XL,15,126689.626667
HIMACHAL PRADESH,2022-04-16,L,14,80405.352041
HIMACHAL PRADESH,2022-04-17,XL,19,149437.196676
HIMACHAL PRADESH,2022-04-18,XL,22,133100.043388
HIMACHAL PRADESH,2022-04-19,S,23,124881.209830
HIMACHAL PRADESH,2022-04-20,L,23,96174.260870
HIMACHAL PRADESH,2022-04-21,L,24,68590.833333
HIMACHAL PRADESH,2022-04-22,L,23,68901.852552
HIMACHAL PRADESH,2022-04-23,L,24,75235.942708
HIMACHAL PRADESH,2022-04-24,L,28,95703.289541
HIMACHAL PRADESH,2022-04-25,L,24,106207.748264
HIMACHAL PRADESH,2022-04-26,S,23,89082.759924
HIMACHAL PRADESH,2022-04-27,L,23,158517.708885
HIMACHAL PRADESH,2022-04-28,L,22,136684.628099
HIMACHAL PRADESH,2022-04-29,L,20,149809.927500
HIMACHAL PRADESH,2022-04-30,M,21,88597.283447
HIMACHAL PRADESH,2022-05-01,M,25,78811.680000
HIMACHAL PRADESH,2022-05-02,M,23,76339.448015
HIMACHAL PRADESH,2022-05-03,M,24,64543.972222
HIMACHAL PRADESH,2022-05-04,M,25,65475.798400
HIMACHAL PRADESH,2022-05-05,M,24,67475.555556
HIMACHAL PRADESH,2022-05-06,M,23,72000.056711
HIMACHAL PRADESH,2022-05-07,M,23,79499.085066
HIMACHAL PRADESH,2022-05-08,M,21,85441.741497
HIMACHAL PRADESH,2022-05-09,M,25,91176.640000
HIMACHAL PRADESH,2022-05-10,M,23,72759.909263
HIMACHAL PRADESH,2022-05-11,M,19,78155.562327
HIMACHAL PRADESH,2022-05-12,M,18,77743.135802
HIMACHAL PRADESH,2022-05-13,M,17,83940.934256
HIMACHAL PRADESH,2022-05-14,M,16,100882.609375
HIMACHAL PRADESH,2022-05-15,M,15,104623.315556
HIMACHAL PRADESH,2022-05-16,XL,16,80676.859375
HIMACHAL PRADESH,2022-05-17,XL,16,78830.234375
HIMACHAL PRADESH,2022-05-18,XL,15,84048.373333
HIMACHAL PRADESH,2022-05-19,XL,15,84048.373333
HIMACHAL PRADESH,2022-05-20,XL,15,87423.928889
HIMACHAL PRADESH,2022-05-21,XL,14,86432.494898
HIMACHAL PRADESH,2022-05-22,M,12,78183.666667
HIMACHAL PRADESH,2022-05-23,M,13,88597.538462
HIMACHAL PRADESH,2022-05-24,M,12,77290.909722
HIMACHAL PRADESH,2022-05-25,M,14,78289.918367
HIMACHAL PRADESH,2022-05-26,M,13,73197.940828
HIMACHAL PRADESH,2022-05-27,M,11,75256.016529
HIMACHAL PRADESH,2022-05-28,M,10,81347.250000
HIMACHAL PRADESH,2022-05-29,L,11,84338.000000
HIMACHAL PRADESH,2022-05-30,L,10,95229.810000
HIMACHAL PRADESH,2022-05-31,L,11,93652.991736
HIMACHAL PRADESH,2022-06-01,L,12,64596.722222
HIMACHAL PRADESH,2022-06-02,L,13,61620.591716
HIMACHAL PRADESH,2022-06-03,L,14,88719.780612
HIMACHAL PRADESH,2022-06-04,L,14,84112.637755
HIMACHAL PRADESH,2022-06-05,L,13,88302.059172
HIMACHAL PRADESH,2022-06-06,L,14,83481.000000
HIMACHAL PRADESH,2022-06-07,S,13,97284.248521
HIMACHAL PRADESH,2022-06-08,S,16,116308.812500
HIMACHAL PRADESH,2022-06-09,S,15,119785.573333
HIMACHAL PRADESH,2022-06-10,S,17,113650.733564
HIMACHAL PRADESH,2022-06-11,S,17,104585.501730
HIMACHAL PRADESH,2022-06-12,S,15,79675.662222
HIMACHAL PRADESH,2022-06-13,S,17,112284.442907
HIMACHAL PRADESH,2022-06-14,S,17,116706.380623
HIMACHAL PRADESH,2022-06-15,S,14,135062.693878
HIMACHAL PRADESH,2022-06-16,S,16,120851.250000
HIMACHAL PRADESH,2022-06-17,S,15,108087.928889
HIMACHAL PRADESH,2022-06-18,M,13,47916.378698
HIMACHAL PRADESH,2022-06-19,M,13,47916.378698
HIMACHAL PRADESH,2022-06-20,L,11,54986.330579
HIMACHAL PRADESH,2022-06-21,L,11,54986.330579
HIMACHAL PRADESH,2022-06-22,L,11,73872.991736
HIMACHAL PRADESH,2022-06-23,XL,12,87720.743056
HIMACHAL PRADESH,2022-06-24,L,12,87052.687500
HIMACHAL PRADESH,2022-06-25,XL,14,100279.408163
HIMACHAL PRADESH,2022-06-26,L,15,83389.848889
HIMACHAL PRADESH,2022-06-27,L,15,83449.048889
HIMACHAL PRADESH,2022-06-28,L,15,82489.795556
HIMACHAL PRADESH,2022-06-29,S,16,79106.562500
HIMACHAL PRADESH,2022-06-30,S,14,78304.387755
HIMACHAL PRADESH,2022-07-01,S,14,78304.387755
HIMACHAL PRADESH,2022-07-02,S,13,81601.005917
HIMACHAL PRADESH,2022-07-03,S,11,91242.413223
HIMACHAL PRADESH,2022-07-04,S,9,90482.000000
HIMACHAL PRADESH,2022-07-05,S,7,87871.061224
HIMACHAL PRADESH,2022-07-06,M,5,11579.360000
HIMACHAL PRADESH,2022-07-07,S,5,99995.200000
HIMACHAL PRADESH,2022-07-08,S,4,19506.187500
JAMMU & KASHMIR,2022-04-02,3XL,1,0.000000
JAMMU & KASHMIR,2022-04-03,M,2,20449.000000
JAMMU & KASHMIR,2022-04-04,XL,3,28466.000000
JAMMU & KASHMIR,2022-04-05,3XL,4,133778.250000
JAMMU & KASHMIR,2022-04-06,M,5,67259.040000
JAMMU & KASHMIR,2022-04-07,3XL,7,109701.428571
JAMMU & KASHMIR,2022-04-08,M,7,49587.387755
JAMMU & KASHMIR,2022-04-09,3XL,10,106060.040000
JAMMU & KASHMIR,2022-04-10,3XL,11,108706.429752
JAMMU & KASHMIR,2022-04-11,3XL,12,100465.138889
JAMMU & KASHMIR,2022-04-12,3XL,13,85063.384615
JAMMU & KASHMIR,2022-04-13,3XL,14,88018.515306
JAMMU & KASHMIR,2022-04-14,3XL,14,72923.943878
JAMMU & KASHMIR,2022-04-15,3XL,14,70687.780612
JAMMU & KASHMIR,2022-04-16,3XL,15,103104.026667
JAMMU & KASHMIR,2022-04-17,3XL,15,97563.973333
JAMMU & KASHMIR,2022-04-18,3XL,16,91604.621094
JAMMU & KASHMIR,2022-04-19,3XL,14,95107.530612
JAMMU & KASHMIR,2022-04-20,L,14,47939.311224
JAMMU & KASHMIR,2022-04-21,L,15,46051.093333
JAMMU & KASHMIR,2022-04-22,S,19,71276.975069
JAMMU & KASHMIR,2022-04-23,S,21,72235.632653
JAMMU & KASHMIR,2022-04-24,L,20,36758.147500
JAMMU & KASHMIR,2022-04-25,L,19,38166.664820
JAMMU & KASHMIR,2022-04-26,S,19,64478.875346
JAMMU & KASHMIR,2022-04-27,S,21,65547.759637
JAMMU & KASHMIR,2022-04-28,S,21,62741.936508
JAMMU & KASHMIR,2022-04-29,S,21,58602.789116
JAMMU & KASHMIR,2022-04-30,S,19,51004.659280
JAMMU & KASHMIR,2022-05-01,L,14,48260.816327
JAMMU & KASHMIR,2022-05-02,XL,16,123050.000000
JAMMU & KASHMIR,2022-05-03,M,15,91493.360000
JAMMU & KASHMIR,2022-05-04,XL,14,75193.489796
JAMMU & KASHMIR,2022-05-05,XL,16,67480.777344
JAMMU & KASHMIR,2022-05-06,M,18,81380.570988
JAMMU & KASHMIR,2022-05-07,M,16,59262.058594
JAMMU & KASHMIR,2022-05-08,M,17,47974.795848
JAMMU & KASHMIR,2022-05-09,XL,18,74495.617284
JAMMU & KASHMIR,2022-05-10,XL,16,66417.984375
JAMMU & KASHMIR,2022-05-11,XL,17,64132.290657
JAMMU & KASHMIR,2022-05-12,L,15,52272.373333
JAMMU & KASHMIR,2022-05-13,L,14,55294.918367
JAMMU & KASHMIR,2022-05-14,L,13,54728.390533
JAMMU & KASHMIR,2022-05-15,L,13,66150.023669
JAMMU & KASHMIR,2022-05-16,L,14,61507.346939
JAMMU & KASHMIR,2022-05-17,L,15,62034.515556
JAMMU & KASHMIR,2022-05-18,L,13,61276.639053
JAMMU & KASHMIR,2022-05-19,XXL,12,74753.243056
JAMMU & KASHMIR,2022-05-20,L,12,36760.972222
JAMMU & KASHMIR,2022-05-21,L,11,39192.066116
JAMMU & KASHMIR,2022-05-22,M,13,51759.017751
JAMMU & KASHMIR,2022-05-23,M,14,60523.964286
JAMMU & KASHMIR,2022-05-24,M,13,64824.248521
JAMMU & KASHMIR,2022-05-25,M,12,47878.500000
JAMMU & KASHMIR,2022-05-26,XXL,11,55743.140496
JAMMU & KASHMIR,2022-05-27,XXL,10,50557.250000
JAMMU & KASHMIR,2022-05-28,3XL,10,61377.090000
JAMMU & KASHMIR,2022-05-29,3XL,10,61377.090000
JAMMU & KASHMIR,2022-05-30,3XL,9,64147.728395
JAMMU & KASHMIR,2022-05-31,3XL,10,82992.760000
JAMMU & KASHMIR,2022-06-01,L,10,172642.410000
JAMMU & KASHMIR,2022-06-02,L,10,165476.160000
JAMMU & KASHMIR,2022-06-03,L,11,159097.867769
JAMMU & KASHMIR,2022-06-04,L,13,159824.402367
JAMMU & KASHMIR,2022-06-05,L,14,104798.714286
JAMMU & KASHMIR,2022-06-06,L,16,89295.312500
JAMMU & KASHMIR,2022-06-07,L,17,84127.937716
JAMMU & KASHMIR,2022-06-08,L,19,77028.144044
JAMMU & KASHMIR,2022-06-09,L,19,81063.933518
JAMMU & KASHMIR,2022-06-10,L,18,83528.361111
JAMMU & KASHMIR,2022-06-11,XXL,17,95012.339100
JAMMU & KASHMIR,2022-06-12,L,17,81064.913495
JAMMU & KASHMIR,2022-06-13,L,20,62690.287500
JAMMU & KASHMIR,2022-06-14,L,20,59648.227500
JAMMU & KASHMIR,2022-06-15,L,18,46464.867284
JAMMU & KASHMIR,2022-06-16,L,16,55882.937500
JAMMU & KASHMIR,2022-06-17,L,15,57905.528889
JAMMU & KASHMIR,2022-06-18,L,13,63709.763314
JAMMU & KASHMIR,2022-06-19,L,13,56790.366864
JAMMU & KASHMIR,2022-06-20,L,13,56790.366864
JAMMU & KASHMIR,2022-06-21,3XL,14,147247.515306
JAMMU & KASHMIR,2022-06-22,XXL,14,62094.801020
JAMMU & KASHMIR,2022-06-23,XXL,14,62094.801020
JAMMU & KASHMIR,2022-06-24,XXL,15,58676.115556
JAMMU & KASHMIR,2022-06-25,XXL,12,69418.743056
JAMMU & KASHMIR,2022-06-26,XXL,12,69418.743056
JAMMU & KASHMIR,2022-06-27,XXL,12,69993.187500
JAMMU & KASHMIR,2022-06-28,XXL,13,68571.479290
JAMMU & KASHMIR,2022-06-29,XXL,12,37715.750000
JAMMU & KASHMIR,2022-06-30,XXL,11,27309.520661
JAMMU & KASHMIR,2022-07-01,XXL,7,33482.204082
JAMMU & KASHMIR,2022-07-02,XL,6,3520.888889
JAMMU & KASHMIR,2022-07-03,XXL,5,12969.360000
JAMMU & KASHMIR,2022-07-04,XXL,4,15802.187500
JAMMU & KASHMIR,2022-07-05,XL,3,3190.222222
JAMMU & KASHMIR,2022-07-06,XXL,3,19148.222222
JAMMU & KASHMIR,2022-07-07,M,3,207949.555556
JAMMU & KASHMIR,2022-07-08,S,1,0.000000
JHARKHAND,2022-04-01,M,2,2500.000000
JHARKHAND,2022-04-02,XXL,7,112093.551020
JHARKHAND,2022-04-03,M,12,39149.187500
JHARKHAND,2022-04-04,M,14,40134.739796
JHARKHAND,2022-04-05,M,15,37770.862222
JHARKHAND,2022-04-06,M,19,34087.567867
JHARKHAND,2022-04-07,M,22,42614.413223
JHARKHAND,2022-04-08,M,25,38145.417600
JHARKHAND,2022-04-09,M,26,37068.196746
JHARKHAND,2022-04-10,M,29,40494.045184
JHARKHAND,2022-04-11,M,27,42623.862826
JHARKHAND,2022-04-12,M,30,50746.765556
JHARKHAND,2022-04-13,L,27,52203.048011
JHARKHAND,2022-04-14,M,27,81359.802469
JHARKHAND,2022-04-15,L,30,63509.645556
JHARKHAND,2022-04-16,L,31,60714.572320
JHARKHAND,2022-04-17,L,36,61366.555556
JHARKHAND,2022-04-18,L,39,60522.828402
JHARKHAND,2022-04-19,L,40,67797.047500
JHARKHAND,2022-04-20,L,39,67359.925049
JHARKHAND,2022-04-21,M,42,99509.281746
JHARKHAND,2022-04-22,M,44,87838.022211
JHARKHAND,2022-04-23,M,46,87269.495747
JHARKHAND,2022-04-24,M,47,78748.838388
JHARKHAND,2022-04-25,M,49,70914.463140
JHARKHAND,2022-04-26,M,50,87716.627600
JHARKHAND,2022-04-27,M,53,95226.514062
JHARKHAND,2022-04-28,M,58,102663.337693
JHARKHAND,2022-04-29,M,59,100508.403332
JHARKHAND,2022-04-30,M,55,94558.643306
JHARKHAND,2022-05-01,M,48,94732.187066
JHARKHAND,2022-05-02,M,45,95095.804444
JHARKHAND,2022-05-03,M,44,89178.782541
JHARKHAND,2022-05-04,M,42,92298.569161
JHARKHAND,2022-05-05,M,39,93801.381986
JHARKHAND,2022-05-06,M,36,79524.730710
JHARKHAND,2022-05-07,S,35,86721.139592
JHARKHAND,2022-05-08,S,35,87430.274286
JHARKHAND,2022-05-09,S,35,87726.313469
JHARKHAND,2022-05-10,S,34,84810.889273
JHARKHAND,2022-05-11,S,32,94546.187500
JHARKHAND,2022-05-12,S,31,94145.983351
JHARKHAND,2022-05-13,S,31,94621.787721
JHARKHAND,2022-05-14,S,23,94966.839319
JHARKHAND,2022-05-15,XL,21,105980.693878
JHARKHAND,2022-05-16,L,23,78440.574669
JHARKHAND,2022-05-17,L,23,78645.281664
JHARKHAND,2022-05-18,L,25,95637.065600
JHARKHAND,2022-05-19,L,24,85289.243056
JHARKHAND,2022-05-20,L,24,81996.623264
JHARKHAND,2022-05-21,L,23,84755.644612
JHARKHAND,2022-05-22,L,21,89961.918367
JHARKHAND,2022-05-23,L,23,88461.992439
JHARKHAND,2022-05-24,L,21,93768.721088
JHARKHAND,2022-05-25,L,21,93965.201814
JHARKHAND,2022-05-26,S,20,86799.827500
JHARKHAND,2022-05-27,S,22,73264.380165
JHARKHAND,2022-05-28,L,20,43832.940000
JHARKHAND,2022-05-29,L,19,38863.711911
JHARKHAND,2022-05-30,M,22,97400.561983
JHARKHAND,2022-05-31,M,23,112037.969754
JHARKHAND,2022-06-01,M,30,108823.782222
JHARKHAND,2022-06-02,M,28,103723.309949
JHARKHAND,2022-06-03,M,29,120027.267539
JHARKHAND,2022-06-04,M,30,119385.712222
JHARKHAND,2022-06-05,M,29,121834.454221
JHARKHAND,2022-06-06,M,31,120610.994797
JHARKHAND,2022-06-07,M,33,118854.547291
JHARKHAND,2022-06-08,M,30,116190.432222
JHARKHAND,2022-06-09,M,28,85172.605867
JHARKHAND,2022-06-10,M,27,94638.414266
JHARKHAND,2022-06-11,L,21,85091.895692
JHARKHAND,2022-06-12,M,23,95495.561437
JHARKHAND,2022-06-13,M,23,94369.776938
JHARKHAND,2022-06-14,L,21,83550.585034
JHARKHAND,2022-06-15,L,21,83522.625850
JHARKHAND,2022-06-16,L,22,71667.975207
JHARKHAND,2022-06-17,L,22,51576.537190
JHARKHAND,2022-06-18,L,23,62753.274102
JHARKHAND,2022-06-19,L,22,57804.595041
JHARKHAND,2022-06-20,L,20,79350.247500
JHARKHAND,2022-06-21,L,19,80381.983380
JHARKHAND,2022-06-22,M,21,118868.000000
JHARKHAND,2022-06-23,M,23,115016.170132
JHARKHAND,2022-06-24,L,23,73534.064272
JHARKHAND,2022-06-25,M,24,114607.651042
JHARKHAND,2022-06-26,L,20,84811.727500
JHARKHAND,2022-06-27,M,22,98620.504132
JHARKHAND,2022-06-28,M,23,111092.245747
JHARKHAND,2022-06-29,M,25,132291.177600
JHARKHAND,2022-06-30,M,20,126196.840000
JHARKHAND,2022-07-01,M,20,126196.840000
JHARKHAND,2022-07-02,M,15,112475.128889
JHARKHAND,2022-07-03,M,11,93491.884298
JHARKHAND,2022-07-04,M,11,93491.884298
JHARKHAND,2022-07-05,M,9,98384.098765
JHARKHAND,2022-07-06,M,8,108753.437500
JHARKHAND,2022-07-07,M,5,155369.840000
JHARKHAND,2022-07-08,3XL,4,80464.750000
JHARKHAND,2022-07-09,3XL,1,0.000000
KARNATAKA,2022-04-01,M,6,20561.916667
KARNATAKA,2022-04-02,M,37,90338.543462
KARNATAKA,2022-04-03,M,68,102536.896843
KARNATAKA,2022-04-04,XL,108,79354.243741
KARNATAKA,2022-04-05,XL,144,71928.100260
KARNATAKA,2022-04-06,L,178,79637.503472
KARNATAKA,2022-04-07,L,192,68073.218316
KARNATAKA,2022-04-08,L,184,56927.949876
KARNATAKA,2022-04-09,L,179,51718.801723
KARNATAKA,2022-04-10,L,186,50145.516736
KARNATAKA,2022-04-11,L,189,54712.112371
KARNATAKA,2022-04-12,L,183,62652.157723
KARNATAKA,2022-04-13,L,176,56531.846300
KARNATAKA,2022-04-14,L,185,61312.251161
KARNATAKA,2022-04-15,L,183,63287.756398
KARNATAKA,2022-04-16,L,180,66667.478117
KARNATAKA,2022-04-17,L,197,70193.961865
KARNATAKA,2022-04-18,L,204,73303.992191
KARNATAKA,2022-04-19,XL,195,55825.087074
KARNATAKA,2022-04-20,XL,192,57289.667291
KARNATAKA,2022-04-21,M,178,69519.484945
KARNATAKA,2022-04-22,M,171,70162.413050
KARNATAKA,2022-04-23,M,179,70506.674636
KARNATAKA,2022-04-24,M,183,68218.510496
KARNATAKA,2022-04-25,L,175,62533.061029
KARNATAKA,2022-04-26,M,172,60088.624493
KARNATAKA,2022-04-27,L,173,67618.502589
KARNATAKA,2022-04-28,L,171,73422.149243
KARNATAKA,2022-04-29,L,185,70939.049701
KARNATAKA,2022-04-30,L,173,68688.070701
KARNATAKA,2022-05-01,L,174,71508.788512
KARNATAKA,2022-05-02,L,169,75503.893491
KARNATAKA,2022-05-03,M,188,53299.728497
KARNATAKA,2022-05-04,M,191,45098.291330
KARNATAKA,2022-05-05,M,211,57094.256823
KARNATAKA,2022-05-06,M,212,60928.755607
KARNATAKA,2022-05-07,XL,193,83216.051760
KARNATAKA,2022-05-08,XL,178,87213.305675
KARNATAKA,2022-05-09,M,162,78763.517795
KARNATAKA,2022-05-10,XL,144,71246.786844
KARNATAKA,2022-05-11,M,128,66561.200623
KARNATAKA,2022-05-12,M,137,74431.992115
KARNATAKA,2022-05-13,M,125,107580.494976
KARNATAKA,2022-05-14,M,120,109118.895556
KARNATAKA,2022-05-15,M,120,97373.670833
KARNATAKA,2022-05-16,M,120,98472.233056
KARNATAKA,2022-05-17,M,115,88841.784045
KARNATAKA,2022-05-18,M,113,61359.487822
KARNATAKA,2022-05-19,M,128,69038.453125
KARNATAKA,2022-05-20,M,130,72240.919763
KARNATAKA,2022-05-21,M,123,71578.482385
KARNATAKA,2022-05-22,M,125,81969.821056
KARNATAKA,2022-05-23,M,123,81748.450922
KARNATAKA,2022-05-24,L,120,60458.554931
KARNATAKA,2022-05-25,L,132,61861.367769
KARNATAKA,2022-05-26,XL,134,81348.661450
KARNATAKA,2022-05-27,XL,133,74744.555486
KARNATAKA,2022-05-28,XL,130,44602.940178
KARNATAKA,2022-05-29,XL,139,48414.721909
KARNATAKA,2022-05-30,XL,147,51498.338007
KARNATAKA,2022-05-31,XL,147,56010.326531
KARNATAKA,2022-06-01,XL,140,70564.771224
KARNATAKA,2022-06-02,M,171,76535.957183
KARNATAKA,2022-06-03,M,174,68090.961554
KARNATAKA,2022-06-04,M,172,73816.603941
KARNATAKA,2022-06-05,M,163,73109.935865
KARNATAKA,2022-06-06,M,166,69336.742669
KARNATAKA,2022-06-07,XL,155,63580.657482
KARNATAKA,2022-06-08,L,166,68249.850922
KARNATAKA,2022-06-09,XL,185,66008.675062
KARNATAKA,2022-06-10,L,187,73266.670823
KARNATAKA,2022-06-11,L,180,87679.770710
KARNATAKA,2022-06-12,L,176,89343.238604
KARNATAKA,2022-06-13,XL,177,73547.473778
KARNATAKA,2022-06-14,L,168,87865.804280
KARNATAKA,2022-06-15,L,165,80782.411534
KARNATAKA,2022-06-16,M,171,88137.091413
KARNATAKA,2022-06-17,M,171,88613.636880
KARNATAKA,2022-06-18,M,166,93369.597946
KARNATAKA,2022-06-19,M,169,90037.874024
KARNATAKA,2022-06-20,M,149,78046.622044
KARNATAKA,2022-06-21,XL,139,68897.943171
KARNATAKA,2022-06-22,M,136,63047.345534
KARNATAKA,2022-06-23,M,136,62165.826503
KARNATAKA,2022-06-24,L,126,85307.456097
KARNATAKA,2022-06-25,L,134,81948.189797
KARNATAKA,2022-06-26,L,131,63440.445079
KARNATAKA,2022-06-27,M,123,79097.440545
KARNATAKA,2022-06-28,M,114,86149.419821
KARNATAKA,2022-06-29,L,112,70859.852041
KARNATAKA,2022-06-30,L,95,66705.873019
KARNATAKA,2022-07-01,L,71,78485.330688
KARNATAKA,2022-07-02,L,52,71866.745562
KARNATAKA,2022-07-03,L,27,72509.764060
KARNATAKA,2022-07-04,M,6,20085.805556
KERALA,2022-04-01,S,3,4630.888889
KERALA,2022-04-02,XL,15,50807.982222
KERALA,2022-04-03,M,31,63364.434964
KERALA,2022-04-04,L,43,59020.388318
KERALA,2022-04-05,L,51,53327.229527
KERALA,2022-04-06,M,65,62015.160710
KERALA,2022-04-07,M,76,58638.480609
KERALA,2022-04-08,M,89,56545.726045
KERALA,2022-04-09,L,103,47818.615327
KERALA,2022-04-10,L,112,52157.808594
KERALA,2022-04-11,M,126,60313.902998
KERALA,2022-04-12,M,122,55539.247245
KERALA,2022-04-13,M,115,60223.461928
KERALA,2022-04-14,M,115,59245.206805
KERALA,2022-04-15,L,122,64028.413666
KERALA,2022-04-16,L,125,65703.487616
KERALA,2022-04-17,L,125,68001.734144
KERALA,2022-04-18,L,127,74728.506417
KERALA,2022-04-19,L,124,72064.877406
KERALA,2022-04-20,L,120,67658.066389
KERALA,2022-04-21,L,129,55262.257797
KERALA,2022-04-22,L,135,54538.295748
KERALA,2022-04-23,L,142,56459.192422
KERALA,2022-04-24,L,136,58365.131866
KERALA,2022-04-25,L,132,54715.451963
KERALA,2022-04-26,L,131,49784.692267
KERALA,2022-04-27,L,127,49092.913758
KERALA,2022-04-28,XL,123,49867.826426
KERALA,2022-04-29,L,120,43329.399722
KERALA,2022-04-30,L,126,46009.394117
KERALA,2022-05-01,L,116,48412.654801
KERALA,2022-05-02,XL,118,48826.856363
KERALA,2022-05-03,XL,122,46352.050255
KERALA,2022-05-04,XL,124,39877.404787
KERALA,2022-05-05,XL,126,44270.836294
KERALA,2022-05-06,XL,127,40986.675181
KERALA,2022-05-07,M,122,60854.728904
KERALA,2022-05-08,M,124,67070.822581
KERALA,2022-05-09,M,119,65359.202599
KERALA,2022-05-10,XL,118,53735.521976
KERALA,2022-05-11,L,116,65605.765383
KERALA,2022-05-12,M,114,62724.214604
KERALA,2022-05-13,L,114,64140.792629
KERALA,2022-05-14,M,102,72775.975394
KERALA,2022-05-15,S,101,59176.443094
KERALA,2022-05-16,L,103,59579.727401
KERALA,2022-05-17,L,101,62984.460935
KERALA,2022-05-18,L,98,64262.223344
KERALA,2022-05-19,L,95,66582.196122
KERALA,2022-05-20,L,99,65677.629222
KERALA,2022-05-21,M,97,73566.674673
KERALA,2022-05-22,M,98,65503.412432
KERALA,2022-05-23,M,93,66277.298185
KERALA,2022-05-24,L,93,58499.572899
KERALA,2022-05-25,L,95,58237.997119
KERALA,2022-05-26,L,80,63485.806094
KERALA,2022-05-27,XL,83,62786.846857
KERALA,2022-05-28,XL,92,65616.413043
KERALA,2022-05-29,XL,103,60605.971345
KERALA,2022-05-30,XL,102,52375.803537
KERALA,2022-05-31,XL,106,51263.682449
KERALA,2022-06-01,XL,109,53448.071038
KERALA,2022-06-02,XL,111,60532.717799
KERALA,2022-06-03,XL,109,58885.799512
KERALA,2022-06-04,XL,114,67487.680902
KERALA,2022-06-05,XL,118,68411.379560
KERALA,2022-06-06,XL,113,70716.407236
KERALA,2022-06-07,XL,112,65498.060507
KERALA,2022-06-08,M,107,56583.178269
KERALA,2022-06-09,M,105,46934.535147
KERALA,2022-06-10,M,108,46568.704647
KERALA,2022-06-11,M,110,46015.810661
KERALA,2022-06-12,L,113,54980.974861
KERALA,2022-06-13,L,115,52725.024121
KERALA,2022-06-14,M,118,60704.455688
KERALA,2022-06-15,M,122,57529.918637
KERALA,2022-06-16,M,127,66477.699175
KERALA,2022-06-17,M,123,66304.379668
KERALA,2022-06-18,M,121,71133.054026
KERALA,2022-06-19,M,115,72014.821626
KERALA,2022-06-20,M,112,72622.030533
KERALA,2022-06-21,M,110,72490.292645
KERALA,2022-06-22,M,110,74456.453636
KERALA,2022-06-23,L,115,77135.762268
KERALA,2022-06-24,M,103,66990.676407
KERALA,2022-06-25,L,102,61099.532488
KERALA,2022-06-26,L,113,74077.701464
KERALA,2022-06-27,L,119,71485.865546
KERALA,2022-06-28,L,123,74543.929804
KERALA,2022-06-29,L,119,78916.197161
KERALA,2022-06-30,L,117,78900.205128
KERALA,2022-07-01,L,101,82112.703460
KERALA,2022-07-02,L,83,78540.268544
KERALA,2022-07-03,L,69,79703.081706
KERALA,2022-07-04,L,65,82198.673609
KERALA,2022-07-05,L,56,91015.027742
KERALA,2022-07-06,L,35,75817.596735
KERALA,2022-07-07,S,21,60205.360544
KERALA,2022-07-08,XL,12,79770.743056
KERALA,2022-07-09,M,2,10302.250000
LADAKH,2022-04-04,M,1,0.000000
LADAKH,2022-04-05,M,1,0.000000
LADAKH,2022-04-06,L,1,0.000000
LADAKH,2022-04-07,L,1,0.000000
LADAKH,2022-04-08,L,1,0.000000
LADAKH,2022-04-09,L,1,0.000000
LADAKH,2022-04-10,M,2,67860.250000
LADAKH,2022-04-11,M,2,67860.250000
LADAKH,2022-04-12,M,2,67860.250000
LADAKH,2022-04-13,M,2,67860.250000
LADAKH,2022-04-14,XL,2,22952.250000
LADAKH,2022-04-15,L,2,6084.000000
LADAKH,2022-04-16,3XL,1,0.000000
LADAKH,2022-04-17,3XL,1,0.000000
LADAKH,2022-04-18,3XL,1,0.000000
LADAKH,2022-04-19,3XL,1,0.000000
LADAKH,2022-04-20,3XL,1,0.000000
LADAKH,2022-04-21,L,2,1681.000000
LADAKH,2022-04-22,L,2,1681.000000
LADAKH,2022-04-23,L,2,1681.000000
LADAKH,2022-04-24,L,2,1681.000000
LADAKH,2022-04-25,L,2,0.000000
LADAKH,2022-04-26,L,2,0.000000
LADAKH,2022-04-27,L,2,0.000000
LADAKH,2022-04-28,L,2,0.000000
LADAKH,2022-04-29,L,2,0.000000
LADAKH,2022-04-30,L,2,0.000000
LADAKH,2022-05-01,XXL,2,107256.250000
LADAKH,2022-05-02,XXL,2,107256.250000
LADAKH,2022-05-03,XXL,2,107256.250000
LADAKH,2022-05-04,XXL,2,107256.250000
LADAKH,2022-05-05,3XL,1,0.000000
LADAKH,2022-05-06,3XL,1,0.000000
LADAKH,2022-05-07,3XL,1,0.000000
LADAKH,2022-05-08,3XL,1,0.000000
LADAKH,2022-05-09,3XL,1,0.000000
LADAKH,2022-05-10,3XL,1,0.000000
LADAKH,2022-05-11,3XL,1,0.000000
LADAKH,2022-05-12,3XL,1,0.000000
LADAKH,2022-05-13,3XL,1,0.000000
LADAKH,2022-05-14,S,1,0.000000
LADAKH,2022-05-15,M,1,0.000000
LADAKH,2022-05-16,M,1,0.000000
LADAKH,2022-05-17,M,1,0.000000
LADAKH,2022-05-18,M,1,0.000000
LADAKH,2022-05-19,M,1,0.000000
LADAKH,2022-05-20,M,1,0.000000
LADAKH,2022-05-21,M,1,0.000000
LADAKH,2022-05-22,M,2,157212.250000
LADAKH,2022-05-23,M,2,157212.250000
LADAKH,2022-05-24,M,2,157212.250000
LADAKH,2022-05-25,M,2,2304.000000
LADAKH,2022-05-26,M,3,112299.555556
LADAKH,2022-05-27,M,3,112299.555556
LADAKH,2022-05-28,M,3,112299.555556
LADAKH,2022-05-29,M,3,112299.555556
LADAKH,2022-05-30,M,3,112299.555556
LADAKH,2022-05-31,M,3,112299.555556
LADAKH,2022-06-01,M,2,108241.000000
LADAKH,2022-06-02,M,2,108241.000000
LADAKH,2022-06-03,M,2,108241.000000
LADAKH,2022-06-04,L,1,0.000000
LADAKH,2022-06-05,L,1,0.000000
LADAKH,2022-06-06,L,1,0.000000
LADAKH,2022-06-07,M,2,18090.250000
LADAKH,2022-06-08,M,2,18090.250000
LADAKH,2022-06-09,M,2,18090.250000
LADAKH,2022-06-10,M,2,18090.250000
LADAKH,2022-06-11,M,2,18090.250000
LADAKH,2022-06-12,S,3,49734.222222
LADAKH,2022-06-13,S,3,49734.222222
LADAKH,2022-06-14,S,3,49734.222222
LADAKH,2022-06-15,M,2,18090.250000
LADAKH,2022-06-16,M,2,18090.250000
LADAKH,2022-06-17,S,2,27225.000000
LADAKH,2022-06-18,S,1,0.000000
LADAKH,2022-06-19,M,1,0.000000
LADAKH,2022-06-20,M,2,36100.000000
LADAKH,2022-06-21,M,2,36100.000000
LADAKH,2022-06-22,M,2,36100.000000
LADAKH,2022-06-23,M,2,36100.000000
LADAKH,2022-06-24,M,2,36100.000000
LADAKH,2022-06-25,M,2,36100.000000
LADAKH,2022-06-26,M,2,36100.000000
LADAKH,2022-06-27,M,2,36100.000000
LADAKH,2022-06-28,M,2,36100.000000
LADAKH,2022-06-29,M,1,0.000000
LADAKH,2022-06-30,XXL,1,0.000000
LADAKH,2022-07-01,XXL,1,0.000000
LADAKH,2022-07-02,XXL,1,0.000000
LADAKH,2022-07-03,XXL,1,0.000000
LADAKH,2022-07-04,XXL,1,0.000000
LADAKH,2022-07-05,XXL,1,0.000000
LADAKH,2022-07-06,XXL,1,0.000000
LADAKH,2022-07-07,XXL,1,0.000000
LAKSHADWEEP,2022-04-13,M,1,0.000000
LAKSHADWEEP,2022-04-14,M,1,0.000000
LAKSHADWEEP,2022-04-15,M,1,0.000000
LAKSHADWEEP,2022-04-16,M,1,0.000000
LAKSHADWEEP,2022-04-17,M,1,0.000000
LAKSHADWEEP,2022-04-18,M,1,0.000000
LAKSHADWEEP,2022-04-19,M,1,0.000000
LAKSHADWEEP,2022-04-20,M,1,0.000000
LAKSHADWEEP,2022-04-21,M,1,0.000000
LAKSHADWEEP,2022-04-22,M,1,0.000000
LAKSHADWEEP,2022-05-13,S,1,0.000000
LAKSHADWEEP,2022-05-14,S,1,0.000000
LAKSHADWEEP,2022-05-15,S,1,0.000000
LAKSHADWEEP,2022-05-16,S,1,0.000000
LAKSHADWEEP,2022-05-17,S,1,0.000000
LAKSHADWEEP,2022-05-18,S,1,0.000000
LAKSHADWEEP,2022-05-19,S,1,0.000000
LAKSHADWEEP,2022-05-20,S,1,0.000000
LAKSHADWEEP,2022-05-21,S,1,0.000000
LAKSHADWEEP,2022-05-22,S,1,0.000000
LAKSHADWEEP,2022-06-07,3XL,1,0.000000
LAKSHADWEEP,2022-06-08,3XL,1,0.000000
LAKSHADWEEP,2022-06-09,3XL,1,0.000000
LAKSHADWEEP,2022-06-10,3XL,1,0.000000
LAKSHADWEEP,2022-06-11,3XL,1,0.000000
LAKSHADWEEP,2022-06-12,3XL,1,0.000000
LAKSHADWEEP,2022-06-13,3XL,1,0.000000
LAKSHADWEEP,2022-06-14,3XL,1,0.000000
LAKSHADWEEP,2022-06-15,3XL,1,0.000000
LAKSHADWEEP,2022-06-16,3XL,1,0.000000
MADHYA PRADESH,2022-04-01,XL,1,0.000000
MADHYA PRADESH,2022-04-02,L,9,63917.061728
MADHYA PRADESH,2022-04-03,L,14,50984.025510
MADHYA PRADESH,2022-04-04,L,20,83973.490000
MADHYA PRADESH,2022-04-05,L,24,80687.000000
MADHYA PRADESH,2022-04-06,M,33,49532.894399
MADHYA PRADESH,2022-04-07,M,38,48941.986150
MADHYA PRADESH,2022-04-08,L,44,66461.198347
MADHYA PRADESH,2022-04-09,L,47,64938.708013
MADHYA PRADESH,2022-04-10,L,50,69393.200000
MADHYA PRADESH,2022-04-11,M,55,45780.417851
MADHYA PRADESH,2022-04-12,M,52,41821.974852
MADHYA PRADESH,2022-04-13,M,50,44361.770000
MADHYA PRADESH,2022-04-14,M,51,43913.567090
MADHYA PRADESH,2022-04-15,L,53,63313.394802
MADHYA PRADESH,2022-04-16,M,50,64487.347600
MADHYA PRADESH,2022-04-17,L,51,72072.140715
MADHYA PRADESH,2022-04-18,M,49,67358.529779
MADHYA PRADESH,2022-04-19,M,47,73658.689905
MADHYA PRADESH,2022-04-20,L,48,57074.530816
MADHYA PRADESH,2022-04-21,M,51,66729.451749
MADHYA PRADESH,2022-04-22,M,56,57919.588967
MADHYA PRADESH,2022-04-23,M,58,71246.624554
MADHYA PRADESH,2022-04-24,XL,56,66389.173469
MADHYA PRADESH,2022-04-25,M,53,61946.625845
MADHYA PRADESH,2022-04-26,XL,53,83761.940192
MADHYA PRADESH,2022-04-27,M,51,47982.275279
MADHYA PRADESH,2022-04-28,M,51,47612.418301
MADHYA PRADESH,2022-04-29,M,55,58799.798347
MADHYA PRADESH,2022-04-30,M,53,60896.148807
MADHYA PRADESH,2022-05-01,S,50,54672.403600
MADHYA PRADESH,2022-05-02,S,47,55243.219556
MADHYA PRADESH,2022-05-03,S,48,55384.138889
MADHYA PRADESH,2022-05-04,M,48,60522.854167
MADHYA PRADESH,2022-05-05,S,51,65392.591311
MADHYA PRADESH,2022-05-06,S,49,63357.687630
MADHYA PRADESH,2022-05-07,M,49,67325.118701
MADHYA PRADESH,2022-05-08,M,51,73618.529027
MADHYA PRADESH,2022-05-09,M,54,79148.555556
MADHYA PRADESH,2022-05-10,XL,62,118148.902185
MADHYA PRADESH,2022-05-11,XL,61,121087.291588
MADHYA PRADESH,2022-05-12,XL,64,121734.027100
MADHYA PRADESH,2022-05-13,XL,61,110303.986025
MADHYA PRADESH,2022-05-14,XL,58,106608.510404
MADHYA PRADESH,2022-05-15,XL,54,113522.459534
MADHYA PRADESH,2022-05-16,XL,54,114353.290809
MADHYA PRADESH,2022-05-17,XL,46,93808.888469
MADHYA PRADESH,2022-05-18,M,42,83609.721088
MADHYA PRADESH,2022-05-19,XL,38,98665.673130
MADHYA PRADESH,2022-05-20,M,35,55035.539592
MADHYA PRADESH,2022-05-21,M,35,53426.484898
MADHYA PRADESH,2022-05-22,M,31,76132.507804
MADHYA PRADESH,2022-05-23,M,33,72115.147842
MADHYA PRADESH,2022-05-24,M,35,64293.044898
MADHYA PRADESH,2022-05-25,M,36,61852.833333
MADHYA PRADESH,2022-05-26,M,35,66292.560000
MADHYA PRADESH,2022-05-27,XXL,36,75795.175154
MADHYA PRADESH,2022-05-28,M,39,94791.357002
MADHYA PRADESH,2022-05-29,M,41,91096.678168
MADHYA PRADESH,2022-05-30,M,43,76937.411574
MADHYA PRADESH,2022-05-31,M,40,84721.819375
MADHYA PRADESH,2022-06-01,M,44,73705.836260
MADHYA PRADESH,2022-06-02,M,47,81461.866003
MADHYA PRADESH,2022-06-03,M,46,81805.459830
MADHYA PRADESH,2022-06-04,M,50,89523.930000
MADHYA PRADESH,2022-06-05,M,53,86510.684941
MADHYA PRADESH,2022-06-06,M,56,70049.855867
MADHYA PRADESH,2022-06-07,M,54,65151.965706
MADHYA PRADESH,2022-06-08,M,52,66363.424556
MADHYA PRADESH,2022-06-09,XL,51,97699.304114
MADHYA PRADESH,2022-06-10,XL,53,111495.826273
MADHYA PRADESH,2022-06-11,M,49,68287.858392
MADHYA PRADESH,2022-06-12,M,50,59629.422400
MADHYA PRADESH,2022-06-13,M,58,58663.869203
MADHYA PRADESH,2022-06-14,M,55,46325.689256
MADHYA PRADESH,2022-06-15,M,51,53603.384083
MADHYA PRADESH,2022-06-16,M,57,77909.998153
MADHYA PRADESH,2022-06-17,M,58,79255.028537
MADHYA PRADESH,2022-06-18,M,60,79089.820833
MADHYA PRADESH,2022-06-19,M,59,82461.372594
MADHYA PRADESH,2022-06-20,M,57,89640.155125
MADHYA PRADESH,2022-06-21,M,57,89411.402278
MADHYA PRADESH,2022-06-22,M,55,98734.835041
MADHYA PRADESH,2022-06-23,M,48,113504.110677
MADHYA PRADESH,2022-06-24,M,46,116880.129017
MADHYA PRADESH,2022-06-25,M,48,116927.526042
MADHYA PRADESH,2022-06-26,M,37,95382.648649
MADHYA PRADESH,2022-06-27,M,32,104892.030273
MADHYA PRADESH,2022-06-28,M,30,105206.298889
MADHYA PRADESH,2022-06-29,M,30,100009.128889
MADHYA PRADESH,2022-06-30,M,29,98293.143876
MADHYA PRADESH,2022-07-01,M,23,99185.969754
MADHYA PRADESH,2022-07-02,M,19,94967.290859
MADHYA PRADESH,2022-07-03,3XL,16,82054.109375
MADHYA PRADESH,2022-07-04,3XL,14,81822.964286
MADHYA PRADESH,2022-07-05,3XL,13,84089.325444
MADHYA PRADESH,2022-07-06,3XL,10,88485.410000
MADHYA PRADESH,2022-07-07,3XL,7,98291.142857
MADHYA PRADESH,2022-07-08,S,3,17323.555556
MADHYA PRADESH,2022-07-09,L,1,0.000000
MAHARASHTRA,2022-04-01,M,5,34017.840000
MAHARASHTRA,2022-04-02,XL,43,70763.300162
MAHARASHTRA,2022-04-03,XL,75,60453.026489
MAHARASHTRA,2022-04-04,XL,118,70160.698937
MAHARASHTRA,2022-04-05,L,152,78720.466716
MAHARASHTRA,2022-04-06,L,205,83344.786817
MAHARASHTRA,2022-04-07,L,215,83815.998183
MAHARASHTRA,2022-04-08,L,230,82013.325161
MAHARASHTRA,2022-04-09,L,236,79895.877837
MAHARASHTRA,2022-04-10,L,231,72660.400855
MAHARASHTRA,2022-04-11,L,225,65139.657956
MAHARASHTRA,2022-04-12,L,224,66367.485969
MAHARASHTRA,2022-04-13,L,215,64139.367442
MAHARASHTRA,2022-04-14,L,216,60196.490398
MAHARASHTRA,2022-04-15,L,218,64901.188726
MAHARASHTRA,2022-04-16,L,218,66353.479947
MAHARASHTRA,2022-04-17,M,224,69981.790159
MAHARASHTRA,2022-04-18,M,237,74630.080436
MAHARASHTRA,2022-04-19,M,226,77623.119821
MAHARASHTRA,2022-04-20,M,216,65654.891204
MAHARASHTRA,2022-04-21,L,218,54387.651039
MAHARASHTRA,2022-04-22,M,214,60381.023408
MAHARASHTRA,2022-04-23,M,226,60269.064316
MAHARASHTRA,2022-04-24,M,252,58235.891282
MAHARASHTRA,2022-04-25,M,262,62392.322301
MAHARASHTRA,2022-04-26,M,242,65630.976658
MAHARASHTRA,2022-04-27,XL,239,52283.159118
MAHARASHTRA,2022-04-28,XL,235,55256.438135
MAHARASHTRA,2022-04-29,XL,212,56473.533909
MAHARASHTRA,2022-04-30,XXL,186,69986.115302
MAHARASHTRA,2022-05-01,XL,192,62300.471978
MAHARASHTRA,2022-05-02,XL,201,61482.104007
MAHARASHTRA,2022-05-03,XL,236,62786.410658
MAHARASHTRA,2022-05-04,XL,270,58837.951728
MAHARASHTRA,2022-05-05,L,278,67510.731277
MAHARASHTRA,2022-05-06,XL,268,57830.712227
MAHARASHTRA,2022-05-07,L,240,68277.294722
MAHARASHTRA,2022-05-08,M,222,91114.128987
MAHARASHTRA,2022-05-09,M,210,107191.399909
MAHARASHTRA,2022-05-10,M,181,109498.807973
MAHARASHTRA,2022-05-11,M,171,114223.882083
MAHARASHTRA,2022-05-12,M,172,97988.667253
MAHARASHTRA,2022-05-13,M,169,80610.565736
MAHARASHTRA,2022-05-14,M,156,60552.342538
MAHARASHTRA,2022-05-15,M,156,73267.115508
MAHARASHTRA,2022-05-16,M,147,70364.791337
MAHARASHTRA,2022-05-17,XXL,144,63692.508054
MAHARASHTRA,2022-05-18,XL,145,111980.400761
MAHARASHTRA,2022-05-19,XXL,152,58959.607341
MAHARASHTRA,2022-05-20,3XL,164,61015.665229
MAHARASHTRA,2022-05-21,XL,147,96974.043315
MAHARASHTRA,2022-05-22,XL,146,69493.190092
MAHARASHTRA,2022-05-23,M,161,77547.907488
MAHARASHTRA,2022-05-24,XL,168,63727.089994
MAHARASHTRA,2022-05-25,XL,181,69044.208785
MAHARASHTRA,2022-05-26,XL,193,71233.596821
MAHARASHTRA,2022-05-27,XL,195,69672.994451
MAHARASHTRA,2022-05-28,XL,194,68149.123392
MAHARASHTRA,2022-05-29,XL,170,66929.128858
MAHARASHTRA,2022-05-30,XL,163,61431.883699
MAHARASHTRA,2022-05-31,XL,155,57362.378772
MAHARASHTRA,2022-06-01,XL,168,62487.017822
MAHARASHTRA,2022-06-02,XL,178,64560.637072
MAHARASHTRA,2022-06-03,XL,187,71176.869113
MAHARASHTRA,2022-06-04,XL,185,74902.000467
MAHARASHTRA,2022-06-05,L,198,76964.297954
MAHARASHTRA,2022-06-06,L,194,77070.002365
MAHARASHTRA,2022-06-07,L,195,80309.043787
MAHARASHTRA,2022-06-08,XL,189,71011.859634
MAHARASHTRA,2022-06-09,L,208,88242.721524
MAHARASHTRA,2022-06-10,L,220,76440.144525
MAHARASHTRA,2022-06-11,L,215,84106.347128
MAHARASHTRA,2022-06-12,L,208,77528.592456
MAHARASHTRA,2022-06-13,L,226,70370.949330
MAHARASHTRA,2022-06-14,L,204,71656.304763
MAHARASHTRA,2022-06-15,L,177,77672.597976
MAHARASHTRA,2022-06-16,L,173,80243.726486
MAHARASHTRA,2022-06-17,L,171,82654.157245
MAHARASHTRA,2022-06-18,XL,161,96472.695498
MAHARASHTRA,2022-06-19,L,147,89040.399093
MAHARASHTRA,2022-06-20,XL,153,95016.931778
MAHARASHTRA,2022-06-21,XL,179,94216.212478
MAHARASHTRA,2022-06-22,XL,180,80909.880833
MAHARASHTRA,2022-06-23,XL,184,93689.808572
MAHARASHTRA,2022-06-24,XL,192,92344.380181
MAHARASHTRA,2022-06-25,XL,184,91537.521710
MAHARASHTRA,2022-06-26,XL,160,79256.089023
MAHARASHTRA,2022-06-27,XL,151,89689.279681
MAHARASHTRA,2022-06-28,XL,139,86488.742094
MAHARASHTRA,2022-06-29,XL,133,85683.074566
MAHARASHTRA,2022-06-30,XL,111,78953.178151
MAHARASHTRA,2022-07-01,M,85,98773.896747
MAHARASHTRA,2022-07-02,M,54,93482.015432
MAHARASHTRA,2022-07-03,XL,29,39933.731272
MAHARASHTRA,2022-07-04,S,8,41062.187500
MANIPUR,2022-04-02,M,2,323761.000000
MANIPUR,2022-04-03,XL,3,20682.666667
MANIPUR,2022-04-04,XL,3,20682.666667
MANIPUR,2022-04-05,XL,3,20682.666667
MANIPUR,2022-04-06,XXL,5,42518.960000
MANIPUR,2022-04-07,XXL,5,42518.960000
MANIPUR,2022-04-08,XXL,5,42518.960000
MANIPUR,2022-04-09,L,9,49172.024691
MANIPUR,2022-04-10,L,10,53047.010000
MANIPUR,2022-04-11,L,11,48230.809917
MANIPUR,2022-04-12,L,13,77783.917160
MANIPUR,2022-04-13,L,15,87613.955556
MANIPUR,2022-04-14,L,15,87613.955556
MANIPUR,2022-04-15,L,15,87613.955556
MANIPUR,2022-04-16,L,13,79008.686391
MANIPUR,2022-04-17,L,10,101038.810000
MANIPUR,2022-04-18,L,11,105056.776860
MANIPUR,2022-04-19,M,9,109928.172840
MANIPUR,2022-04-20,M,9,109928.172840
MANIPUR,2022-04-21,M,9,73933.728395
MANIPUR,2022-04-22,M,8,34352.859375
MANIPUR,2022-04-23,M,7,39240.204082
MANIPUR,2022-04-24,XXL,7,137751.061224
MANIPUR,2022-04-25,XXL,12,105689.854167
MANIPUR,2022-04-26,XXL,10,79880.760000
MANIPUR,2022-04-27,XXL,10,79880.760000
MANIPUR,2022-04-28,XXL,11,88199.834711
MANIPUR,2022-04-29,XXL,11,108204.793388
MANIPUR,2022-04-30,XXL,9,92739.111111
MANIPUR,2022-05-01,XXL,9,81189.111111
MANIPUR,2022-05-02,L,9,94542.839506
MANIPUR,2022-05-03,L,10,85176.290000
MANIPUR,2022-05-04,XXL,8,81462.359375
MANIPUR,2022-05-05,L,9,86852.543210
MANIPUR,2022-05-06,L,8,89950.437500
MANIPUR,2022-05-07,XL,7,89665.387755
MANIPUR,2022-05-08,L,7,70784.000000
MANIPUR,2022-05-09,L,7,76748.204082
MANIPUR,2022-05-10,M,8,56607.859375
MANIPUR,2022-05-11,M,7,4735.959184
MANIPUR,2022-05-12,M,9,30444.666667
MANIPUR,2022-05-13,XXL,10,81499.760000
MANIPUR,2022-05-14,XXL,11,88516.876033
MANIPUR,2022-05-15,M,9,30517.358025
MANIPUR,2022-05-16,M,9,30517.358025
MANIPUR,2022-05-17,M,9,27334.691358
MANIPUR,2022-05-18,M,12,21930.020833
MANIPUR,2022-05-19,M,12,21930.020833
MANIPUR,2022-05-20,M,9,28853.061728
MANIPUR,2022-05-21,M,8,32440.187500
MANIPUR,2022-05-22,M,7,3312.693878
MANIPUR,2022-05-23,XL,13,34803.621302
MANIPUR,2022-05-24,XL,13,34803.621302
MANIPUR,2022-05-25,XL,13,34803.621302
MANIPUR,2022-05-26,XL,13,34803.621302
MANIPUR,2022-05-27,XL,12,35489.555556
MANIPUR,2022-05-28,XL,12,35489.555556
MANIPUR,2022-05-29,XL,12,35489.555556
MANIPUR,2022-05-30,XL,12,41041.909722
MANIPUR,2022-05-31,XL,11,18732.909091
MANIPUR,2022-06-01,XL,11,18732.909091
MANIPUR,2022-06-02,M,7,99582.408163
MANIPUR,2022-06-03,XXL,7,93344.816327
MANIPUR,2022-06-04,XXL,7,93344.816327
MANIPUR,2022-06-05,XXL,5,91475.840000
MANIPUR,2022-06-06,XXL,5,91475.840000
MANIPUR,2022-06-07,XXL,5,93776.960000
MANIPUR,2022-06-08,XXL,5,93776.960000
MANIPUR,2022-06-09,XXL,6,78555.472222
MANIPUR,2022-06-10,M,6,249122.805556
MANIPUR,2022-06-11,M,7,119448.000000
MANIPUR,2022-06-12,M,7,111221.387755
MANIPUR,2022-06-13,M,9,111975.950617
MANIPUR,2022-06-14,M,9,111975.950617
MANIPUR,2022-06-15,M,14,144478.530612
MANIPUR,2022-06-16,M,14,144478.530612
MANIPUR,2022-06-17,M,13,122444.023669
MANIPUR,2022-06-18,M,13,87793.136095
MANIPUR,2022-06-19,M,12,91770.555556
MANIPUR,2022-06-20,M,12,91973.222222
MANIPUR,2022-06-21,M,10,110077.640000
MANIPUR,2022-06-22,M,10,112059.360000
MANIPUR,2022-06-23,M,8,43809.859375
MANIPUR,2022-06-24,M,9,119498.617284
MANIPUR,2022-06-25,XL,6,200270.805556
MANIPUR,2022-06-26,M,6,124215.916667
MANIPUR,2022-06-27,M,6,124215.916667
MANIPUR,2022-06-28,XL,5,132529.200000
MANIPUR,2022-06-29,M,6,157333.666667
MANIPUR,2022-06-30,XL,5,132529.200000
MANIPUR,2022-07-01,XL,5,132529.200000
MANIPUR,2022-07-02,S,4,28704.250000
MANIPUR,2022-07-03,S,4,28704.250000
MANIPUR,2022-07-04,XL,4,159536.500000
MANIPUR,2022-07-05,S,3,14453.555556
MANIPUR,2022-07-06,S,2,17424.000000
MANIPUR,2022-07-07,S,2,17424.000000
MANIPUR,2022-07-08,M,1,0.000000
MEGHALAYA,2022-04-02,3XL,1,0.000000
MEGHALAYA,2022-04-03,S,3,123774.000000
MEGHALAYA,2022-04-04,S,4,98313.187500
MEGHALAYA,2022-04-05,S,5,81282.240000
MEGHALAYA,2022-04-06,S,5,81282.240000
MEGHALAYA,2022-04-07,S,5,81282.240000
MEGHALAYA,2022-04-08,S,6,70843.555556
MEGHALAYA,2022-04-09,S,7,61158.979592
MEGHALAYA,2022-04-10,S,8,63967.000000
MEGHALAYA,2022-04-11,S,8,63967.000000
MEGHALAYA,2022-04-12,S,7,7168.775510
MEGHALAYA,2022-04-13,S,5,9132.160000
MEGHALAYA,2022-04-14,S,4,10510.687500
MEGHALAYA,2022-04-15,M,6,134839.583333
MEGHALAYA,2022-04-16,M,7,126372.979592
MEGHALAYA,2022-04-17,M,7,126372.979592
MEGHALAYA,2022-04-18,M,6,147348.222222
MEGHALAYA,2022-04-19,M,6,147348.222222
MEGHALAYA,2022-04-20,M,10,108239.160000
MEGHALAYA,2022-04-21,M,10,109802.040000
MEGHALAYA,2022-04-22,M,10,109802.040000
MEGHALAYA,2022-04-23,M,9,28471.876543
MEGHALAYA,2022-04-24,M,10,26202.290000
MEGHALAYA,2022-04-25,M,8,16091.687500
MEGHALAYA,2022-04-26,M,6,20024.222222
MEGHALAYA,2022-04-27,M,7,17864.693878
MEGHALAYA,2022-04-28,S,9,32870.172840
MEGHALAYA,2022-04-29,S,9,32870.172840
MEGHALAYA,2022-04-30,S,9,32870.172840
MEGHALAYA,2022-05-01,S,8,62218.234375
MEGHALAYA,2022-05-02,S,6,68672.555556
MEGHALAYA,2022-05-03,S,6,77629.916667
MEGHALAYA,2022-05-04,S,7,92959.551020
MEGHALAYA,2022-05-05,S,8,93919.687500
MEGHALAYA,2022-05-06,S,9,97206.888889
MEGHALAYA,2022-05-07,S,8,111831.187500
MEGHALAYA,2022-05-08,S,6,116196.666667
MEGHALAYA,2022-05-09,S,7,110617.551020
MEGHALAYA,2022-05-10,S,7,110617.551020
MEGHALAYA,2022-05-11,S,6,117652.916667
MEGHALAYA,2022-05-12,S,6,117652.916667
MEGHALAYA,2022-05-13,S,6,72909.805556
MEGHALAYA,2022-05-14,S,5,82007.440000
MEGHALAYA,2022-05-15,S,4,97827.500000
MEGHALAYA,2022-05-16,S,4,84145.687500
MEGHALAYA,2022-05-17,M,3,8324.666667
MEGHALAYA,2022-05-18,M,4,8118.500000
MEGHALAYA,2022-05-19,M,4,8118.500000
MEGHALAYA,2022-05-20,M,4,8118.500000
MEGHALAYA,2022-05-21,M,4,8118.500000
MEGHALAYA,2022-05-22,S,4,15653.687500
MEGHALAYA,2022-05-23,M,5,34791.600000
MEGHALAYA,2022-05-24,M,5,34791.600000
MEGHALAYA,2022-05-25,S,5,31055.040000
MEGHALAYA,2022-05-26,M,4,23164.187500
MEGHALAYA,2022-05-27,S,5,31421.200000
MEGHALAYA,2022-05-28,XS,6,38873.000000
MEGHALAYA,2022-05-29,XS,6,38873.000000
MEGHALAYA,2022-05-30,S,5,31421.200000
MEGHALAYA,2022-05-31,S,5,25740.560000
MEGHALAYA,2022-06-01,S,6,27072.888889
MEGHALAYA,2022-06-02,S,5,31942.160000
MEGHALAYA,2022-06-03,S,6,37726.222222
MEGHALAYA,2022-06-04,S,5,31942.160000
MEGHALAYA,2022-06-05,S,5,31942.160000
MEGHALAYA,2022-06-06,S,4,38734.187500
MEGHALAYA,2022-06-07,S,6,27511.250000
MEGHALAYA,2022-06-08,S,6,27511.250000
MEGHALAYA,2022-06-09,S,5,32775.360000
MEGHALAYA,2022-06-10,M,4,7701.687500
MEGHALAYA,2022-06-11,M,4,7701.687500
MEGHALAYA,2022-06-12,S,5,89859.040000
MEGHALAYA,2022-06-13,M,4,7701.687500
MEGHALAYA,2022-06-14,M,6,21521.888889
MEGHALAYA,2022-06-15,M,6,21521.888889
MEGHALAYA,2022-06-16,M,6,21521.888889
MEGHALAYA,2022-06-17,XS,7,84030.244898
MEGHALAYA,2022-06-18,M,6,26606.333333
MEGHALAYA,2022-06-19,XS,7,77572.693878
MEGHALAYA,2022-06-20,XS,7,77572.693878
MEGHALAYA,2022-06-21,XS,7,77572.693878
MEGHALAYA,2022-06-22,XS,7,77572.693878
MEGHALAYA,2022-06-23,XS,7,77572.693878
MEGHALAYA,2022-06-24,XS,5,10891.360000
MEGHALAYA,2022-06-25,XS,5,10891.360000
MEGHALAYA,2022-06-26,XS,5,10668.800000
MEGHALAYA,2022-06-27,XL,4,164194.250000
MEGHALAYA,2022-06-28,XL,4,164194.250000
MEGHALAYA,2022-06-29,XL,4,164194.250000
MEGHALAYA,2022-06-30,XL,4,164194.250000
MEGHALAYA,2022-07-01,XL,3,213.555556
MEGHALAYA,2022-07-02,XL,3,213.555556
MEGHALAYA,2022-07-03,XL,3,213.555556
MEGHALAYA,2022-07-04,XL,1,0.000000
MEGHALAYA,2022-07-05,XS,1,0.000000
MIZORAM,2022-04-03,M,1,0.000000
MIZORAM,2022-04-04,M,2,22052.250000
MIZORAM,2022-04-05,M,2,22052.250000
MIZORAM,2022-04-06,M,2,22052.250000
MIZORAM,2022-04-07,M,2,22052.250000
MIZORAM,2022-04-08,M,2,22052.250000
MIZORAM,2022-04-09,L,2,6320.250000
MIZORAM,2022-04-10,L,2,6320.250000
MIZORAM,2022-04-11,L,2,6320.250000
MIZORAM,2022-04-12,L,2,6320.250000
MIZORAM,2022-04-13,XXL,2,272.250000
MIZORAM,2022-04-14,XXL,2,272.250000
MIZORAM,2022-04-15,XL,2,0.000000
MIZORAM,2022-04-16,XL,2,0.000000
MIZORAM,2022-04-17,XL,2,0.000000
MIZORAM,2022-04-18,XL,2,0.000000
MIZORAM,2022-04-19,XL,2,0.000000
MIZORAM,2022-04-20,XL,2,0.000000
MIZORAM,2022-04-21,XL,2,0.000000
MIZORAM,2022-04-22,XL,2,0.000000
MIZORAM,2022-04-23,XL,3,4867.555556
MIZORAM,2022-04-24,XL,2,5476.000000
MIZORAM,2022-04-25,L,2,1640.250000
MIZORAM,2022-04-26,L,2,1640.250000
MIZORAM,2022-04-27,XS,3,5282.666667
MIZORAM,2022-04-28,S,3,5600.888889
MIZORAM,2022-04-29,S,3,5600.888889
MIZORAM,2022-04-30,S,3,5600.888889
MIZORAM,2022-05-01,S,3,5600.888889
MIZORAM,2022-05-02,S,3,5600.888889
MIZORAM,2022-05-03,S,3,5600.888889
MIZORAM,2022-05-04,S,3,5600.888889
MIZORAM,2022-05-05,S,3,5600.888889
MIZORAM,2022-05-06,S,3,5600.888889
MIZORAM,2022-05-07,XXL,3,70108.222222
MIZORAM,2022-05-08,XXL,3,61161.555556
MIZORAM,2022-05-09,XXL,3,61161.555556
MIZORAM,2022-05-10,XXL,3,61161.555556
MIZORAM,2022-05-11,XXL,3,61161.555556
MIZORAM,2022-05-12,XXL,3,61161.555556
MIZORAM,2022-05-13,L,3,9014.000000
MIZORAM,2022-05-14,L,2,650.250000
MIZORAM,2022-05-15,L,3,12240.222222
MIZORAM,2022-05-16,L,3,12240.222222
MIZORAM,2022-05-17,L,3,12240.222222
MIZORAM,2022-05-18,L,3,12240.222222
MIZORAM,2022-05-19,XL,4,15577.000000
MIZORAM,2022-05-20,XL,4,27206.187500
MIZORAM,2022-05-21,XL,4,27206.187500
MIZORAM,2022-05-22,XL,4,27206.187500
MIZORAM,2022-05-23,XL,4,27206.187500
MIZORAM,2022-05-24,XL,4,27206.187500
MIZORAM,2022-05-25,XL,3,11046.888889
MIZORAM,2022-05-26,XL,3,11046.888889
MIZORAM,2022-05-27,M,2,0.000000
MIZORAM,2022-05-28,M,2,0.000000
MIZORAM,2022-05-29,M,2,0.000000
MIZORAM,2022-05-30,M,2,0.000000
MIZORAM,2022-05-31,3XL,4,2735.250000
MIZORAM,2022-06-01,3XL,4,2735.250000
MIZORAM,2022-06-02,3XL,4,2735.250000
MIZORAM,2022-06-03,3XL,4,2735.250000
MIZORAM,2022-06-04,3XL,4,2735.250000
MIZORAM,2022-06-05,3XL,4,2735.250000
MIZORAM,2022-06-06,3XL,4,2735.250000
MIZORAM,2022-06-07,3XL,4,2735.250000
MIZORAM,2022-06-08,3XL,4,2735.250000
MIZORAM,2022-06-09,3XL,4,2735.250000
MIZORAM,2022-06-10,L,1,0.000000
MIZORAM,2022-06-11,XXL,2,6241.000000
MIZORAM,2022-06-12,XXL,2,6241.000000
MIZORAM,2022-06-13,XXL,2,6241.000000
MIZORAM,2022-06-14,XXL,2,6241.000000
MIZORAM,2022-06-15,XXL,3,4908.222222
MIZORAM,2022-06-16,XXL,3,4908.222222
MIZORAM,2022-06-17,XXL,3,4908.222222
MIZORAM,2022-06-18,XXL,3,4908.222222
MIZORAM,2022-06-19,XXL,3,4908.222222
MIZORAM,2022-06-20,XXL,2,110.250000
MIZORAM,2022-06-21,M,1,0.000000
MIZORAM,2022-06-22,M,1,0.000000
MIZORAM,2022-06-23,M,1,0.000000
MIZORAM,2022-06-24,XXL,3,107280.222222
MIZORAM,2022-06-25,XXL,3,141482.888889
MIZORAM,2022-06-26,XXL,3,141482.888889
MIZORAM,2022-06-27,XXL,3,141482.888889
MIZORAM,2022-06-28,XXL,3,141482.888889
MIZORAM,2022-06-29,XXL,3,141482.888889
MIZORAM,2022-06-30,XXL,3,141482.888889
MIZORAM,2022-07-01,XXL,3,141482.888889
MIZORAM,2022-07-02,XXL,3,141482.888889
MIZORAM,2022-07-03,XXL,3,141482.888889
MIZORAM,2022-07-04,M,1,0.000000
MIZORAM,2022-07-05,M,1,0.000000
NAGALAND,2022-04-02,S,1,0.000000
NAGALAND,2022-04-03,L,1,0.000000
NAGALAND,2022-04-04,L,2,25440.250000
NAGALAND,2022-04-05,L,3,23649.555556
NAGALAND,2022-04-06,L,3,23649.555556
NAGALAND,2022-04-07,L,3,23649.555556
NAGALAND,2022-04-08,L,3,23649.555556
NAGALAND,2022-04-09,L,4,20841.250000
NAGALAND,2022-04-10,L,4,20841.250000
NAGALAND,2022-04-11,L,6,20815.000000
NAGALAND,2022-04-12,L,6,20815.000000
NAGALAND,2022-04-13,L,5,23244.000000
NAGALAND,2022-04-14,L,4,14339.687500
NAGALAND,2022-04-15,L,3,17424.888889
NAGALAND,2022-04-16,L,4,13927.187500
NAGALAND,2022-04-17,L,4,13927.187500
NAGALAND,2022-04-18,L,4,13927.187500
NAGALAND,2022-04-19,L,3,12969.555556
NAGALAND,2022-04-20,L,3,12969.555556
NAGALAND,2022-04-21,XS,2,8649.000000
NAGALAND,2022-04-22,XXL,3,11084.222222
NAGALAND,2022-04-23,XXL,3,11084.222222
NAGALAND,2022-04-24,XXL,3,11084.222222
NAGALAND,2022-04-25,M,3,1989.555556
NAGALAND,2022-04-26,M,3,1989.555556
NAGALAND,2022-04-27,M,3,1989.555556
NAGALAND,2022-04-28,M,3,1989.555556
NAGALAND,2022-04-29,M,4,98446.250000
NAGALAND,2022-04-30,M,4,98446.250000
NAGALAND,2022-05-01,M,6,76202.916667
NAGALAND,2022-05-02,M,6,76202.916667
NAGALAND,2022-05-03,M,5,81010.160000
NAGALAND,2022-05-04,M,5,81010.160000
NAGALAND,2022-05-05,M,5,90068.560000
NAGALAND,2022-05-06,M,5,90068.560000
NAGALAND,2022-05-07,M,5,90068.560000
NAGALAND,2022-05-08,XXL,5,52382.560000
NAGALAND,2022-05-09,XXL,6,57363.472222
NAGALAND,2022-05-10,XXL,7,248276.857143
NAGALAND,2022-05-11,XXL,9,198731.728395
NAGALAND,2022-05-12,XXL,10,183753.890000
NAGALAND,2022-05-13,XXL,10,183753.890000
NAGALAND,2022-05-14,XXL,10,207540.290000
NAGALAND,2022-05-15,XXL,9,230522.543210
NAGALAND,2022-05-16,XXL,9,230522.543210
NAGALAND,2022-05-17,XXL,10,198055.410000
NAGALAND,2022-05-18,L,8,172294.109375
NAGALAND,2022-05-19,L,8,172294.109375
NAGALAND,2022-05-20,XXL,6,36124.805556
NAGALAND,2022-05-21,L,7,127459.959184
NAGALAND,2022-05-22,L,7,127459.959184
NAGALAND,2022-05-23,XL,7,62924.204082
NAGALAND,2022-05-24,XL,7,62924.204082
NAGALAND,2022-05-25,XL,6,46109.472222
NAGALAND,2022-05-26,XL,5,54652.960000
NAGALAND,2022-05-27,XXL,2,0.000000
NAGALAND,2022-05-28,XXL,2,0.000000
NAGALAND,2022-05-29,XXL,2,0.000000
NAGALAND,2022-05-30,M,3,95258.000000
NAGALAND,2022-05-31,XL,3,90874.888889
NAGALAND,2022-06-01,XL,4,68286.187500
NAGALAND,2022-06-02,M,4,71673.187500
NAGALAND,2022-06-03,M,4,71673.187500
NAGALAND,2022-06-04,M,3,35294.000000
NAGALAND,2022-06-05,XL,3,34322.000000
NAGALAND,2022-06-06,M,5,55794.960000
NAGALAND,2022-06-07,M,5,30044.160000
NAGALAND,2022-06-08,M,5,30044.160000
NAGALAND,2022-06-09,XL,5,33331.840000
NAGALAND,2022-06-10,M,4,36637.187500
NAGALAND,2022-06-11,L,3,19433.555556
NAGALAND,2022-06-12,L,3,19433.555556
NAGALAND,2022-06-13,XL,4,35406.687500
NAGALAND,2022-06-14,XL,4,35406.687500
NAGALAND,2022-06-15,L,4,27808.687500
NAGALAND,2022-06-16,L,5,28599.040000
NAGALAND,2022-06-17,L,8,27384.359375
NAGALAND,2022-06-18,L,8,27384.359375
NAGALAND,2022-06-19,XXL,8,188340.484375
NAGALAND,2022-06-20,XXL,9,168850.839506
NAGALAND,2022-06-21,XXL,10,153624.960000
NAGALAND,2022-06-22,XXL,11,199341.702479
NAGALAND,2022-06-23,XXL,12,189671.722222
NAGALAND,2022-06-24,XXL,13,155262.544379
NAGALAND,2022-06-25,XXL,11,115250.446281
NAGALAND,2022-06-26,XXL,11,115250.446281
NAGALAND,2022-06-27,XXL,7,144621.551020
NAGALAND,2022-06-28,XXL,6,117724.250000
NAGALAND,2022-06-29,XXL,6,117724.250000
NAGALAND,2022-06-30,XXL,5,140966.640000
NAGALAND,2022-07-01,XXL,4,150718.500000
NAGALAND,2022-07-02,XXL,3,32858.000000
NAGALAND,2022-07-03,XXL,2,900.000000
NAGALAND,2022-07-04,3XL,1,0.000000
NAGALAND,2022-07-05,3XL,1,0.000000
NAGALAND,2022-07-06,3XL,1,0.000000
NAGALAND,2022-07-07,3XL,1,0.000000
NEW DELHI,2022-04-03,L,1,0.000000
NEW DELHI,2022-04-04,XXL,2,4624.000000
NEW DELHI,2022-04-05,XXL,2,4624.000000
NEW DELHI,2022-04-06,XXL,3,19644.666667
NEW DELHI,2022-04-07,XXL,4,15202.250000
NEW DELHI,2022-04-08,XXL,4,15202.250000
NEW DELHI,2022-04-09,XXL,4,15202.250000
NEW DELHI,2022-04-10,XXL,4,15202.250000
NEW DELHI,2022-04-11,XXL,4,15202.250000
NEW DELHI,2022-04-12,XXL,4,15202.250000
NEW DELHI,2022-04-13,XXL,4,15202.250000
NEW DELHI,2022-04-14,L,3,36488.666667
NEW DELHI,2022-04-15,L,3,36488.666667
NEW DELHI,2022-04-16,XS,2,1056.250000
NEW DELHI,2022-04-17,XS,2,1056.250000
NEW DELHI,2022-04-18,XS,2,1056.250000
NEW DELHI,2022-04-19,XL,3,85998.222222
NEW DELHI,2022-04-20,XL,3,85998.222222
NEW DELHI,2022-04-21,XL,3,85998.222222
NEW DELHI,2022-04-22,XL,3,85998.222222
NEW DELHI,2022-04-23,XL,3,85998.222222
NEW DELHI,2022-04-24,XL,3,85998.222222
NEW DELHI,2022-04-25,M,3,91054.888889
NEW DELHI,2022-04-26,M,4,69635.250000
NEW DELHI,2022-04-27,M,4,69635.250000
NEW DELHI,2022-04-28,M,5,117311.440000
NEW DELHI,2022-04-29,M,5,117311.440000
NEW DELHI,2022-04-30,M,5,117311.440000
NEW DELHI,2022-05-01,M,4,133300.687500
NEW DELHI,2022-05-02,XS,3,22934.222222
NEW DELHI,2022-05-03,XS,5,28210.240000
NEW DELHI,2022-05-04,XS,5,28210.240000
NEW DELHI,2022-05-05,XS,5,28210.240000
NEW DELHI,2022-05-06,S,3,59627.555556
NEW DELHI,2022-05-07,S,3,59627.555556
NEW DELHI,2022-05-08,S,3,59627.555556
NEW DELHI,2022-05-09,S,3,59627.555556
NEW DELHI,2022-05-10,S,3,59627.555556
NEW DELHI,2022-05-11,S,3,59627.555556
NEW DELHI,2022-05-12,S,3,59627.555556
NEW DELHI,2022-05-13,S,3,59627.555556
NEW DELHI,2022-05-14,3XL,2,729.000000
NEW DELHI,2022-05-15,L,2,228006.250000
NEW DELHI,2022-05-16,L,2,228006.250000
NEW DELHI,2022-05-17,S,2,30.250000
NEW DELHI,2022-05-18,S,3,15332.666667
NEW DELHI,2022-05-19,S,3,15332.666667
NEW DELHI,2022-05-20,S,3,15332.666667
NEW DELHI,2022-05-21,S,4,11799.500000
NEW DELHI,2022-05-22,S,4,11799.500000
NEW DELHI,2022-05-23,S,4,11799.500000
NEW DELHI,2022-05-24,S,4,11799.500000
NEW DELHI,2022-05-25,S,4,11799.500000
NEW DELHI,2022-05-26,XS,3,4.666667
NEW DELHI,2022-05-27,M,4,32145.500000
NEW DELHI,2022-05-28,XS,4,604.750000
NEW DELHI,2022-05-29,XS,4,604.750000
NEW DELHI,2022-05-30,XS,4,604.750000
NEW DELHI,2022-05-31,XS,4,604.750000
NEW DELHI,2022-06-01,XS,4,604.750000
NEW DELHI,2022-06-02,XS,4,604.750000
NEW DELHI,2022-06-03,XS,4,604.750000
NEW DELHI,2022-06-04,L,3,20402.666667
NEW DELHI,2022-06-05,L,3,20402.666667
NEW DELHI,2022-06-06,L,3,20402.666667
NEW DELHI,2022-06-07,L,3,20402.666667
NEW DELHI,2022-06-08,L,3,20402.666667
NEW DELHI,2022-06-09,L,3,20402.666667
NEW DELHI,2022-06-10,L,3,20402.666667
NEW DELHI,2022-06-11,L,3,20402.666667
NEW DELHI,2022-06-12,XXL,3,144.666667
NEW DELHI,2022-06-13,XXL,4,2418.687500
NEW DELHI,2022-06-14,XXL,2,4032.250000
NEW DELHI,2022-06-15,XXL,2,4032.250000
NEW DELHI,2022-06-16,XXL,2,4032.250000
NEW DELHI,2022-06-17,XXL,2,4032.250000
NEW DELHI,2022-06-18,XXL,2,4032.250000
NEW DELHI,2022-06-19,XXL,2,4032.250000
NEW DELHI,2022-06-20,XXL,2,4032.250000
NEW DELHI,2022-06-21,XXL,2,4032.250000
NEW DELHI,2022-06-22,3XL,1,0.000000
NEW DELHI,2022-06-23,3XL,1,0.000000
NEW DELHI,2022-06-24,3XL,1,0.000000
NEW DELHI,2022-06-25,3XL,1,0.000000
NEW DELHI,2022-06-26,3XL,1,0.000000
NEW DELHI,2022-06-27,3XL,1,0.000000
NEW DELHI,2022-06-28,3XL,1,0.000000
NEW DELHI,2022-06-29,3XL,1,0.000000
NEW DELHI,2022-06-30,3XL,1,0.000000
NL,2022-04-29,M,1,0.000000
NL,2022-04-30,M,1,0.000000
NL,2022-05-01,M,1,0.000000
NL,2022-05-02,M,1,0.000000
NL,2022-05-03,M,1,0.000000
NL,2022-05-04,M,1,0.000000
NL,2022-05-05,M,1,0.000000
NL,2022-05-06,M,1,0.000000
NL,2022-05-07,M,1,0.000000
NL,2022-05-08,M,1,0.000000
NL,2022-06-27,M,1,0.000000
NL,2022-06-28,M,1,0.000000
NL,2022-06-29,M,1,0.000000
NL,2022-06-30,M,1,0.000000
NL,2022-07-01,M,1,0.000000
NL,2022-07-02,M,1,0.000000
NL,2022-07-03,M,1,0.000000
NL,2022-07-04,M,1,0.000000
NL,2022-07-05,M,1,0.000000
NL,2022-07-06,M,1,0.000000
ODISHA,2022-04-01,XS,3,12566.222222
ODISHA,2022-04-02,S,8,64961.187500
ODISHA,2022-04-03,L,15,86682.222222
ODISHA,2022-04-04,L,18,88440.543210
ODISHA,2022-04-05,L,19,83970.637119
ODISHA,2022-04-06,L,23,84570.896030
ODISHA,2022-04-07,L,26,78357.899408
ODISHA,2022-04-08,L,32,67559.733398
ODISHA,2022-04-09,L,34,80958.072664
ODISHA,2022-04-10,L,40,82143.074375
ODISHA,2022-04-11,L,45,95887.048889
ODISHA,2022-04-12,L,48,87673.234375
ODISHA,2022-04-13,XL,46,68286.112004
ODISHA,2022-04-14,L,48,79949.072483
ODISHA,2022-04-15,L,50,89033.697600
ODISHA,2022-04-16,L,48,87000.692708
ODISHA,2022-04-17,L,46,88767.911626
ODISHA,2022-04-18,L,47,90440.818470
ODISHA,2022-04-19,L,49,88840.506456
ODISHA,2022-04-20,L,46,103036.079395
ODISHA,2022-04-21,L,45,91102.439506
ODISHA,2022-04-22,S,43,103539.256896
ODISHA,2022-04-23,M,46,59228.372873
ODISHA,2022-04-24,M,48,58730.817708
ODISHA,2022-04-25,M,48,59578.748264
ODISHA,2022-04-26,M,53,72908.430046
ODISHA,2022-04-27,M,57,75253.394891
ODISHA,2022-04-28,M,54,71292.410151
ODISHA,2022-04-29,M,53,70750.047704
ODISHA,2022-04-30,M,53,77823.508010
ODISHA,2022-05-01,M,52,79822.865015
ODISHA,2022-05-02,M,46,84353.383743
ODISHA,2022-05-03,M,46,82417.882798
ODISHA,2022-05-04,M,48,82591.414931
ODISHA,2022-05-05,M,47,82886.442734
ODISHA,2022-05-06,M,41,70892.145152
ODISHA,2022-05-07,XL,44,178115.315599
ODISHA,2022-05-08,XL,44,175082.571798
ODISHA,2022-05-09,XL,43,177297.996755
ODISHA,2022-05-10,L,42,83506.578231
ODISHA,2022-05-11,L,43,89188.120065
ODISHA,2022-05-12,L,40,105306.297500
ODISHA,2022-05-13,L,37,114179.925493
ODISHA,2022-05-14,L,35,116194.329796
ODISHA,2022-05-15,L,36,124956.913580
ODISHA,2022-05-16,L,33,147926.613407
ODISHA,2022-05-17,L,30,133998.738889
ODISHA,2022-05-18,L,30,133794.445556
ODISHA,2022-05-19,L,27,136087.851852
ODISHA,2022-05-20,L,27,123544.488340
ODISHA,2022-05-21,L,26,117653.178994
ODISHA,2022-05-22,L,27,98612.331962
ODISHA,2022-05-23,L,27,103870.098765
ODISHA,2022-05-24,XL,26,50275.190828
ODISHA,2022-05-25,XL,31,47371.467222
ODISHA,2022-05-26,XL,29,48084.370987
ODISHA,2022-05-27,XL,28,46947.401786
ODISHA,2022-05-28,XL,29,73074.939358
ODISHA,2022-05-29,M,28,44836.551020
ODISHA,2022-05-30,M,29,46030.102259
ODISHA,2022-05-31,M,30,45093.422222
ODISHA,2022-06-01,M,29,72687.336504
ODISHA,2022-06-02,M,29,77371.284185
ODISHA,2022-06-03,M,31,77520.570239
ODISHA,2022-06-04,M,32,84715.616211
ODISHA,2022-06-05,M,35,74533.490612
ODISHA,2022-06-06,M,33,74558.734619
ODISHA,2022-06-07,M,36,56508.286265
ODISHA,2022-06-08,M,43,54842.974581
ODISHA,2022-06-09,M,48,63094.164931
ODISHA,2022-06-10,M,54,64082.503772
ODISHA,2022-06-11,M,57,57077.641736
ODISHA,2022-06-12,M,61,53235.568396
ODISHA,2022-06-13,M,60,52263.412222
ODISHA,2022-06-14,M,62,51556.325702
ODISHA,2022-06-15,M,62,53789.387097
ODISHA,2022-06-16,M,60,57787.460000
ODISHA,2022-06-17,M,53,69974.147383
ODISHA,2022-06-18,M,45,73933.183210
ODISHA,2022-06-19,M,42,69406.431406
ODISHA,2022-06-20,M,37,79303.601169
ODISHA,2022-06-21,M,36,78626.200617
ODISHA,2022-06-22,M,35,85696.644898
ODISHA,2022-06-23,M,35,81140.484898
ODISHA,2022-06-24,XL,35,121943.547755
ODISHA,2022-06-25,XL,33,140049.460055
ODISHA,2022-06-26,XL,36,146653.638117
ODISHA,2022-06-27,XL,39,120348.857331
ODISHA,2022-06-28,XL,42,112623.975624
ODISHA,2022-06-29,XL,37,112578.046749
ODISHA,2022-06-30,XL,36,112739.631944
ODISHA,2022-07-01,XL,32,107863.671875
ODISHA,2022-07-02,XL,26,101342.764793
ODISHA,2022-07-03,XL,26,101342.764793
ODISHA,2022-07-04,XL,18,88718.348765
ODISHA,2022-07-05,XL,16,64406.808594
ODISHA,2022-07-06,XL,10,18003.000000
ODISHA,2022-07-07,L,6,35330.583333
ODISHA,2022-07-08,L,4,39481.687500
ODISHA,2022-07-09,M,1,0.000000
ORISSA,2022-04-14,L,1,0.000000
ORISSA,2022-04-15,L,1,0.000000
ORISSA,2022-04-16,L,1,0.000000
ORISSA,2022-04-17,L,1,0.000000
ORISSA,2022-04-18,L,1,0.000000
ORISSA,2022-04-19,L,1,0.000000
ORISSA,2022-04-20,L,1,0.000000
ORISSA,2022-04-21,L,1,0.000000
ORISSA,2022-04-22,L,1,0.000000
ORISSA,2022-04-23,L,1,0.000000
ORISSA,2022-06-09,S,1,0.000000
ORISSA,2022-06-10,S,1,0.000000
ORISSA,2022-06-11,S,1,0.000000
ORISSA,2022-06-12,S,1,0.000000
ORISSA,2022-06-13,S,1,0.000000
ORISSA,2022-06-14,S,1,0.000000
ORISSA,2022-06-15,S,1,0.000000
ORISSA,2022-06-16,S,1,0.000000
ORISSA,2022-06-17,S,1,0.000000
ORISSA,2022-06-18,S,1,0.000000
ORISSA,2022-06-19,XXL,1,0.000000
ORISSA,2022-06-20,XXL,1,0.000000
ORISSA,2022-06-21,XXL,1,0.000000
ORISSA,2022-06-22,XXL,1,0.000000
PB,2022-04-07,3XL,1,0.000000
PB,2022-04-08,3XL,1,0.000000
PB,2022-04-09,3XL,1,0.000000
PB,2022-04-10,3XL,1,0.000000
PB,2022-04-11,3XL,1,0.000000
PB,2022-04-12,3XL,1,0.000000
PB,2022-04-13,3XL,1,0.000000
PB,2022-04-14,3XL,1,0.000000
PB,2022-04-15,3XL,1,0.000000
PB,2022-04-16,3XL,1,0.000000
PONDICHERRY,2022-05-24,3XL,1,0.000000
PONDICHERRY,2022-05-25,3XL,1,0.000000
PONDICHERRY,2022-05-26,3XL,1,0.000000
PONDICHERRY,2022-05-27,3XL,1,0.000000
PONDICHERRY,2022-05-28,3XL,1,0.000000
PONDICHERRY,2022-05-29,3XL,1,0.000000
PONDICHERRY,2022-05-30,3XL,1,0.000000
PONDICHERRY,2022-05-31,3XL,1,0.000000
PONDICHERRY,2022-06-01,3XL,1,0.000000
PONDICHERRY,2022-06-02,3XL,1,0.000000
PUDUCHERRY,2022-04-02,L,2,33856.000000
PUDUCHERRY,2022-04-03,L,3,25458.666667
PUDUCHERRY,2022-04-04,L,3,25458.666667
PUDUCHERRY,2022-04-05,L,3,25458.666667
PUDUCHERRY,2022-04-06,L,3,25458.666667
PUDUCHERRY,2022-04-07,L,3,25458.666667
PUDUCHERRY,2022-04-08,L,5,19085.440000
PUDUCHERRY,2022-04-09,L,8,12214.437500
PUDUCHERRY,2022-04-10,L,8,12214.437500
PUDUCHERRY,2022-04-11,L,8,12214.437500
PUDUCHERRY,2022-04-12,L,6,1218.333333
PUDUCHERRY,2022-04-13,L,6,18196.583333
PUDUCHERRY,2022-04-14,L,7,15960.775510
PUDUCHERRY,2022-04-15,L,9,67750.987654
PUDUCHERRY,2022-04-16,S,10,29692.450000
PUDUCHERRY,2022-04-17,S,9,27043.432099
PUDUCHERRY,2022-04-18,S,10,24590.840000
PUDUCHERRY,2022-04-19,S,10,42966.650000
PUDUCHERRY,2022-04-20,S,10,42966.650000
PUDUCHERRY,2022-04-21,S,12,37092.722222
PUDUCHERRY,2022-04-22,S,11,36934.694215
PUDUCHERRY,2022-04-23,S,11,36934.694215
PUDUCHERRY,2022-04-24,S,12,33960.354167
PUDUCHERRY,2022-04-25,S,8,36824.250000
PUDUCHERRY,2022-04-26,L,7,4712.816327
PUDUCHERRY,2022-04-27,XXL,8,25991.750000
PUDUCHERRY,2022-04-28,XXL,9,23121.777778
PUDUCHERRY,2022-04-29,XL,10,68715.440000
PUDUCHERRY,2022-04-30,XL,10,68715.440000
PUDUCHERRY,2022-05-01,XXL,8,33046.609375
PUDUCHERRY,2022-05-02,XL,10,65460.650000
PUDUCHERRY,2022-05-03,XL,10,65460.650000
PUDUCHERRY,2022-05-04,XL,11,23124.694215
PUDUCHERRY,2022-05-05,XL,12,35375.743056
PUDUCHERRY,2022-05-06,XL,11,32255.239669
PUDUCHERRY,2022-05-07,XL,10,28615.760000
PUDUCHERRY,2022-05-08,XL,10,28615.760000
PUDUCHERRY,2022-05-09,XXL,7,51589.428571
PUDUCHERRY,2022-05-10,XXL,7,57155.102041
PUDUCHERRY,2022-05-11,S,7,39650.122449
PUDUCHERRY,2022-05-12,M,7,29088.489796
PUDUCHERRY,2022-05-13,M,8,32056.000000
PUDUCHERRY,2022-05-14,S,9,31032.172840
PUDUCHERRY,2022-05-15,S,9,31032.172840
PUDUCHERRY,2022-05-16,S,10,35987.010000
PUDUCHERRY,2022-05-17,S,10,44820.760000
PUDUCHERRY,2022-05-18,S,10,54895.000000
PUDUCHERRY,2022-05-19,S,9,31110.000000
PUDUCHERRY,2022-05-20,S,9,31110.000000
PUDUCHERRY,2022-05-21,M,8,62346.859375
PUDUCHERRY,2022-05-22,S,7,37985.673469
PUDUCHERRY,2022-05-23,L,6,20066.583333
PUDUCHERRY,2022-05-24,M,7,53526.979592
PUDUCHERRY,2022-05-25,M,7,53526.979592
PUDUCHERRY,2022-05-26,M,9,72323.777778
PUDUCHERRY,2022-05-27,M,9,72323.777778
PUDUCHERRY,2022-05-28,M,9,72323.777778
PUDUCHERRY,2022-05-29,M,6,22079.555556
PUDUCHERRY,2022-05-30,L,6,25058.138889
PUDUCHERRY,2022-05-31,L,5,18456.800000
PUDUCHERRY,2022-06-01,L,5,18456.800000
PUDUCHERRY,2022-06-02,L,4,18932.687500
PUDUCHERRY,2022-06-03,M,6,57763.472222
PUDUCHERRY,2022-06-04,M,7,55830.489796
PUDUCHERRY,2022-06-05,M,7,41939.061224
PUDUCHERRY,2022-06-06,M,7,41939.061224
PUDUCHERRY,2022-06-07,M,8,37596.734375
PUDUCHERRY,2022-06-08,M,8,37596.734375
PUDUCHERRY,2022-06-09,M,9,39561.333333
PUDUCHERRY,2022-06-10,M,9,39561.333333
PUDUCHERRY,2022-06-11,M,9,39561.333333
PUDUCHERRY,2022-06-12,M,11,44538.793388
PUDUCHERRY,2022-06-13,XL,9,47535.135802
PUDUCHERRY,2022-06-14,XL,8,53443.000000
PUDUCHERRY,2022-06-15,XL,8,51438.609375
PUDUCHERRY,2022-06-16,XL,8,51438.609375
PUDUCHERRY,2022-06-17,M,10,140858.560000
PUDUCHERRY,2022-06-18,M,10,140858.560000
PUDUCHERRY,2022-06-19,M,9,152991.802469
PUDUCHERRY,2022-06-20,L,9,116327.209877
PUDUCHERRY,2022-06-21,L,10,104867.850000
PUDUCHERRY,2022-06-22,L,10,104867.850000
PUDUCHERRY,2022-06-23,L,8,85328.109375
PUDUCHERRY,2022-06-24,L,6,40027.472222
PUDUCHERRY,2022-06-25,L,6,40027.472222
PUDUCHERRY,2022-06-26,XXL,7,146601.673469
PUDUCHERRY,2022-06-27,XL,5,12346.000000
PUDUCHERRY,2022-06-28,XL,5,12346.000000
PUDUCHERRY,2022-06-29,XL,5,124627.760000
PUDUCHERRY,2022-06-30,XL,4,110135.687500
PUDUCHERRY,2022-07-01,XL,4,110135.687500
PUDUCHERRY,2022-07-02,XL,3,67417.555556
PUDUCHERRY,2022-07-03,XL,3,67417.555556
PUDUCHERRY,2022-07-04,XL,3,67417.555556
PUDUCHERRY,2022-07-05,XL,3,67417.555556
PUDUCHERRY,2022-07-06,XL,3,67417.555556
PUDUCHERRY,2022-07-07,XL,2,34225.000000
PUDUCHERRY,2022-07-08,XL,2,34225.000000
PUDUCHERRY,2022-07-09,M,1,0.000000
PUNJAB,2022-04-02,L,3,79802.000000
PUNJAB,2022-04-03,XL,8,26189.187500
PUNJAB,2022-04-04,L,13,119799.562130
PUNJAB,2022-04-05,L,18,153350.209877
PUNJAB,2022-04-06,L,23,143567.531191
PUNJAB,2022-04-07,L,26,130609.751479
PUNJAB,2022-04-08,L,32,109889.839844
PUNJAB,2022-04-09,L,35,105860.999184
PUNJAB,2022-04-10,L,37,100938.467495
PUNJAB,2022-04-11,L,41,102559.823914
PUNJAB,2022-04-12,L,43,92044.405625
PUNJAB,2022-04-13,L,40,85913.249375
PUNJAB,2022-04-14,L,38,82383.074792
PUNJAB,2022-04-15,L,37,58972.295106
PUNJAB,2022-04-16,L,39,48382.510191
PUNJAB,2022-04-17,L,38,47748.654432
PUNJAB,2022-04-18,L,38,55023.601108
PUNJAB,2022-04-19,XL,47,61291.330919
PUNJAB,2022-04-20,XL,47,62444.096876
PUNJAB,2022-04-21,XL,48,53179.305556
PUNJAB,2022-04-22,XL,45,71791.251358
PUNJAB,2022-04-23,XL,48,71774.067708
PUNJAB,2022-04-24,XL,50,70044.650000
PUNJAB,2022-04-25,XL,57,66932.320098
PUNJAB,2022-04-26,XL,55,69351.334215
PUNJAB,2022-04-27,XL,55,69019.042645
PUNJAB,2022-04-28,XL,51,72705.209535
PUNJAB,2022-04-29,XL,39,66194.344510
PUNJAB,2022-04-30,XL,40,58194.227500
PUNJAB,2022-05-01,XL,38,59185.914820
PUNJAB,2022-05-02,XL,44,62863.514463
PUNJAB,2022-05-03,XL,40,65931.899375
PUNJAB,2022-05-04,L,42,73432.642290
PUNJAB,2022-05-05,L,42,72879.676304
PUNJAB,2022-05-06,XL,44,91678.673554
PUNJAB,2022-05-07,L,45,69431.325432
PUNJAB,2022-05-08,L,41,52906.044021
PUNJAB,2022-05-09,L,39,51131.412229
PUNJAB,2022-05-10,L,40,55199.577500
PUNJAB,2022-05-11,3XL,40,66704.669375
PUNJAB,2022-05-12,3XL,38,68833.654432
PUNJAB,2022-05-13,3XL,40,70971.647500
PUNJAB,2022-05-14,3XL,36,68927.385802
PUNJAB,2022-05-15,3XL,34,59363.537197
PUNJAB,2022-05-16,3XL,40,59734.010000
PUNJAB,2022-05-17,3XL,39,57506.604865
PUNJAB,2022-05-18,3XL,36,76290.700617
PUNJAB,2022-05-19,3XL,36,76487.194444
PUNJAB,2022-05-20,3XL,29,77362.901308
PUNJAB,2022-05-21,3XL,27,70781.015089
PUNJAB,2022-05-22,M,28,62041.816327
PUNJAB,2022-05-23,XL,31,43329.708637
PUNJAB,2022-05-24,XL,29,36024.437574
PUNJAB,2022-05-25,3XL,31,66551.931322
PUNJAB,2022-05-26,XL,35,68336.228571
PUNJAB,2022-05-27,XL,36,64877.006173
PUNJAB,2022-05-28,XL,33,64952.905418
PUNJAB,2022-05-29,XXL,31,60312.603538
PUNJAB,2022-05-30,XXL,32,52243.389648
PUNJAB,2022-05-31,XXL,38,50639.834488
PUNJAB,2022-06-01,XXL,41,46725.608566
PUNJAB,2022-06-02,XXL,42,46696.501701
PUNJAB,2022-06-03,XXL,41,46756.710291
PUNJAB,2022-06-04,XXL,41,39169.102915
PUNJAB,2022-06-05,XXL,39,50932.510191
PUNJAB,2022-06-06,XXL,40,54333.034375
PUNJAB,2022-06-07,XXL,37,59895.107378
PUNJAB,2022-06-08,XXL,36,77750.749228
PUNJAB,2022-06-09,XXL,35,79107.787755
PUNJAB,2022-06-10,L,32,92429.897461
PUNJAB,2022-06-11,M,33,108366.905418
PUNJAB,2022-06-12,L,35,84741.817143
PUNJAB,2022-06-13,M,39,79156.899408
PUNJAB,2022-06-14,M,37,58981.376187
PUNJAB,2022-06-15,M,37,65298.458729
PUNJAB,2022-06-16,M,38,57221.249307
PUNJAB,2022-06-17,M,38,58133.847645
PUNJAB,2022-06-18,M,37,60265.186267
PUNJAB,2022-06-19,M,36,72478.286265
PUNJAB,2022-06-20,M,37,69004.451424
PUNJAB,2022-06-21,M,29,78661.897741
PUNJAB,2022-06-22,M,29,71055.315101
PUNJAB,2022-06-23,3XL,26,38253.136095
PUNJAB,2022-06-24,M,28,97381.575255
PUNJAB,2022-06-25,L,27,98524.348422
PUNJAB,2022-06-26,L,30,98128.632222
PUNJAB,2022-06-27,L,30,101370.756667
PUNJAB,2022-06-28,M,28,81425.602041
PUNJAB,2022-06-29,XXL,28,79328.882653
PUNJAB,2022-06-30,XXL,24,76451.414931
PUNJAB,2022-07-01,M,22,76741.338843
PUNJAB,2022-07-02,L,20,72112.610000
PUNJAB,2022-07-03,L,17,71397.854671
PUNJAB,2022-07-04,L,13,31981.159763
PUNJAB,2022-07-05,XXL,10,88481.040000
PUNJAB,2022-07-06,XXL,7,58903.714286
PUNJAB,2022-07-07,XL,5,154836.960000
PUNJAB,2022-07-08,S,4,15854.750000
PUNJAB,2022-07-09,S,1,0.000000
PUNJAB/MOHALI/ZIRAKPUR,2022-04-26,L,1,0.000000
PUNJAB/MOHALI/ZIRAKPUR,2022-04-27,L,1,0.000000
PUNJAB/MOHALI/ZIRAKPUR,2022-04-28,L,1,0.000000
PUNJAB/MOHALI/ZIRAKPUR,2022-04-29,L,1,0.000000
PUNJAB/MOHALI/ZIRAKPUR,2022-04-30,L,1,0.000000
PUNJAB/MOHALI/ZIRAKPUR,2022-05-01,L,1,0.000000
PUNJAB/MOHALI/ZIRAKPUR,2022-05-02,L,1,0.000000
PUNJAB/MOHALI/ZIRAKPUR,2022-05-03,L,1,0.000000
PUNJAB/MOHALI/ZIRAKPUR,2022-05-04,L,1,0.000000
PUNJAB/MOHALI/ZIRAKPUR,2022-05-05,L,1,0.000000
RAJASTHAN,2022-04-01,L,2,6889.000000
RAJASTHAN,2022-04-02,L,11,142808.148760
RAJASTHAN,2022-04-03,L,16,144599.933594
RAJASTHAN,2022-04-04,L,20,123173.827500
RAJASTHAN,2022-04-05,L,24,118611.789931
RAJASTHAN,2022-04-06,L,28,105192.943878
RAJASTHAN,2022-04-07,L,32,106471.936523
RAJASTHAN,2022-04-08,L,37,96670.261505
RAJASTHAN,2022-04-09,L,39,94201.934254
RAJASTHAN,2022-04-10,L,47,91271.460389
RAJASTHAN,2022-04-11,L,51,100466.403691
RAJASTHAN,2022-04-12,L,49,91766.999584
RAJASTHAN,2022-04-13,L,47,92091.906745
RAJASTHAN,2022-04-14,L,51,103382.990388
RAJASTHAN,2022-04-15,L,54,99164.543210
RAJASTHAN,2022-04-16,M,63,74268.904510
RAJASTHAN,2022-04-17,M,66,77173.850321
RAJASTHAN,2022-04-18,M,69,78104.229364
RAJASTHAN,2022-04-19,M,68,75072.455666
RAJASTHAN,2022-04-20,M,74,70466.235939
RAJASTHAN,2022-04-21,L,74,112444.078890
RAJASTHAN,2022-04-22,L,69,108911.726948
RAJASTHAN,2022-04-23,L,71,99470.054751
RAJASTHAN,2022-04-24,L,66,90452.552801
RAJASTHAN,2022-04-25,M,71,85420.851815
RAJASTHAN,2022-04-26,L,67,104220.603252
RAJASTHAN,2022-04-27,M,63,75408.532628
RAJASTHAN,2022-04-28,M,68,75836.384083
RAJASTHAN,2022-04-29,M,65,78473.648284
RAJASTHAN,2022-04-30,M,60,74303.855556
RAJASTHAN,2022-05-01,M,56,74501.813457
RAJASTHAN,2022-05-02,M,55,94341.507438
RAJASTHAN,2022-05-03,M,55,86956.134215
RAJASTHAN,2022-05-04,M,60,113826.903056
RAJASTHAN,2022-05-05,M,56,122726.571429
RAJASTHAN,2022-05-06,M,57,120802.384734
RAJASTHAN,2022-05-07,M,56,129509.627232
RAJASTHAN,2022-05-08,M,52,135233.207101
RAJASTHAN,2022-05-09,M,53,143677.532218
RAJASTHAN,2022-05-10,S,53,125610.730509
RAJASTHAN,2022-05-11,M,54,139621.195130
RAJASTHAN,2022-05-12,M,54,120044.756173
RAJASTHAN,2022-05-13,M,56,124198.479273
RAJASTHAN,2022-05-14,M,49,102139.636818
RAJASTHAN,2022-05-15,M,43,90061.076257
RAJASTHAN,2022-05-16,M,43,103561.280692
RAJASTHAN,2022-05-17,M,42,102870.138889
RAJASTHAN,2022-05-18,M,45,92234.809877
RAJASTHAN,2022-05-19,M,47,78871.257583
RAJASTHAN,2022-05-20,M,49,78330.179925
RAJASTHAN,2022-05-21,M,48,78601.780816
RAJASTHAN,2022-05-22,M,52,84782.012944
RAJASTHAN,2022-05-23,M,49,80593.594336
RAJASTHAN,2022-05-24,M,49,82057.445231
RAJASTHAN,2022-05-25,M,50,75065.352400
RAJASTHAN,2022-05-26,M,54,81949.529492
RAJASTHAN,2022-05-27,M,53,74061.975080
RAJASTHAN,2022-05-28,M,49,75598.617243
RAJASTHAN,2022-05-29,M,46,80089.018904
RAJASTHAN,2022-05-30,XL,47,77824.829335
RAJASTHAN,2022-05-31,XL,52,73098.527737
RAJASTHAN,2022-06-01,XL,54,69842.961591
RAJASTHAN,2022-06-02,XL,46,78673.888469
RAJASTHAN,2022-06-03,XL,44,72491.522211
RAJASTHAN,2022-06-04,M,42,90187.013605
RAJASTHAN,2022-06-05,XL,42,69968.213719
RAJASTHAN,2022-06-06,XL,45,70137.111111
RAJASTHAN,2022-06-07,L,43,82955.335857
RAJASTHAN,2022-06-08,M,46,70621.554348
RAJASTHAN,2022-06-09,L,51,99068.097655
RAJASTHAN,2022-06-10,L,52,99563.059172
RAJASTHAN,2022-06-11,M,55,102991.267438
RAJASTHAN,2022-06-12,M,58,111537.556480
RAJASTHAN,2022-06-13,M,57,105144.376731
RAJASTHAN,2022-06-14,M,58,121230.668549
RAJASTHAN,2022-06-15,M,60,117457.076389
RAJASTHAN,2022-06-16,M,62,124695.054110
RAJASTHAN,2022-06-17,M,59,135015.123815
RAJASTHAN,2022-06-18,M,56,140624.744898
RAJASTHAN,2022-06-19,M,54,146154.772291
RAJASTHAN,2022-06-20,M,55,150172.897851
RAJASTHAN,2022-06-21,M,47,131982.777727
RAJASTHAN,2022-06-22,L,46,109016.548677
RAJASTHAN,2022-06-23,L,51,104915.998462
RAJASTHAN,2022-06-24,L,52,110432.163831
RAJASTHAN,2022-06-25,L,51,106831.857747
RAJASTHAN,2022-06-26,L,49,102228.278217
RAJASTHAN,2022-06-27,L,46,86542.293006
RAJASTHAN,2022-06-28,L,46,86327.041588
RAJASTHAN,2022-06-29,L,38,91823.786704
RAJASTHAN,2022-06-30,XL,33,64928.712580
RAJASTHAN,2022-07-01,L,29,73043.286564
RAJASTHAN,2022-07-02,L,24,66109.270833
RAJASTHAN,2022-07-03,S,20,198325.040000
RAJASTHAN,2022-07-04,S,19,202260.443213
RAJASTHAN,2022-07-05,S,16,233239.359375
RAJASTHAN,2022-07-06,S,12,286778.354167
RAJASTHAN,2022-07-07,S,6,79943.583333
RAJASTHAN,2022-07-08,M,3,7112.000000
RAJSHTHAN,2022-04-30,S,1,0.000000
RAJSHTHAN,2022-05-01,S,1,0.000000
RAJSHTHAN,2022-05-02,S,1,0.000000
RAJSHTHAN,2022-05-03,S,1,0.000000
RAJSHTHAN,2022-05-04,S,1,0.000000
RAJSHTHAN,2022-05-05,S,1,0.000000
RAJSHTHAN,2022-05-06,S,1,0.000000
RAJSHTHAN,2022-05-07,S,1,0.000000
RAJSHTHAN,2022-05-08,S,1,0.000000
RAJSHTHAN,2022-05-09,S,1,0.000000
RAJSTHAN,2022-06-06,XL,1,0.000000
RAJSTHAN,2022-06-07,XL,1,0.000000
RAJSTHAN,2022-06-08,XL,1,0.000000
RAJSTHAN,2022-06-09,XL,1,0.000000
RAJSTHAN,2022-06-10,XL,1,0.000000
RAJSTHAN,2022-06-11,XL,1,0.000000
RAJSTHAN,2022-06-12,XL,1,0.000000
RAJSTHAN,2022-06-13,XL,1,0.000000
RAJSTHAN,2022-06-14,XL,1,0.000000
RAJSTHAN,2022-06-15,XL,1,0.000000
RAJSTHAN,2022-06-23,XL,1,0.000000
RAJSTHAN,2022-06-24,XL,1,0.000000
RAJSTHAN,2022-06-25,XL,1,0.000000
RAJSTHAN,2022-06-26,XL,1,0.000000
RAJSTHAN,2022-06-27,XL,1,0.000000
RAJSTHAN,2022-06-28,XL,1,0.000000
RAJSTHAN,2022-06-29,XL,1,0.000000
RAJSTHAN,2022-06-30,XL,1,0.000000
RAJSTHAN,2022-07-01,XL,1,0.000000
RAJSTHAN,2022-07-02,XL,1,0.000000
RJ,2022-04-16,XL,1,0.000000
RJ,2022-04-17,XL,1,0.000000
RJ,2022-04-18,XL,1,0.000000
RJ,2022-04-19,XL,1,0.000000
RJ,2022-04-20,XL,1,0.000000
RJ,2022-04-21,XL,1,0.000000
RJ,2022-04-22,XL,1,0.000000
RJ,2022-04-23,XL,1,0.000000
RJ,2022-04-24,XL,1,0.000000
RJ,2022-04-25,XL,1,0.000000
RJ,2022-06-01,XL,1,0.000000
RJ,2022-06-02,XL,1,0.000000
RJ,2022-06-03,XL,1,0.000000
RJ,2022-06-04,XL,1,0.000000
RJ,2022-06-05,XL,1,0.000000
RJ,2022-06-06,XL,1,0.000000
RJ,2022-06-07,XL,1,0.000000
RJ,2022-06-08,XL,1,0.000000
RJ,2022-06-09,XL,1,0.000000
RJ,2022-06-10,XL,1,0.000000
SIKKIM,2022-04-02,S,2,18496.000000
SIKKIM,2022-04-03,L,2,240.250000
SIKKIM,2022-04-04,S,4,15868.187500
SIKKIM,2022-04-05,S,5,13969.040000
SIKKIM,2022-04-06,S,5,13969.040000
SIKKIM,2022-04-07,S,6,24679.888889
SIKKIM,2022-04-08,S,6,24679.888889
SIKKIM,2022-04-09,S,6,24679.888889
SIKKIM,2022-04-10,S,6,24679.888889
SIKKIM,2022-04-11,M,6,6269.583333
SIKKIM,2022-04-12,M,6,6269.583333
SIKKIM,2022-04-13,M,6,6269.583333
SIKKIM,2022-04-14,M,6,6269.583333
SIKKIM,2022-04-15,M,6,6269.583333
SIKKIM,2022-04-16,L,3,24800.000000
SIKKIM,2022-04-17,M,3,138.888889
SIKKIM,2022-04-18,M,4,117.187500
SIKKIM,2022-04-19,M,5,103.360000
SIKKIM,2022-04-20,M,4,110.187500
SIKKIM,2022-04-21,3XL,4,28045.687500
SIKKIM,2022-04-22,3XL,4,28045.687500
SIKKIM,2022-04-23,3XL,4,28045.687500
SIKKIM,2022-04-24,3XL,5,25953.040000
SIKKIM,2022-04-25,3XL,6,21629.138889
SIKKIM,2022-04-26,M,9,36324.222222
SIKKIM,2022-04-27,M,8,40620.609375
SIKKIM,2022-04-28,M,7,46064.816327
SIKKIM,2022-04-29,M,7,52905.959184
SIKKIM,2022-04-30,M,8,57663.359375
SIKKIM,2022-05-01,M,8,57663.359375
SIKKIM,2022-05-02,M,7,28147.387755
SIKKIM,2022-05-03,M,10,29713.760000
SIKKIM,2022-05-04,M,9,26033.950617
SIKKIM,2022-05-05,M,9,27516.098765
SIKKIM,2022-05-06,M,7,41898.693878
SIKKIM,2022-05-07,M,8,41866.109375
SIKKIM,2022-05-08,M,9,39560.444444
SIKKIM,2022-05-09,S,8,41328.484375
SIKKIM,2022-05-10,M,8,27530.359375
SIKKIM,2022-05-11,M,9,28299.555556
SIKKIM,2022-05-12,M,9,28299.555556
SIKKIM,2022-05-13,S,8,41072.500000
SIKKIM,2022-05-14,S,8,41072.500000
SIKKIM,2022-05-15,M,8,66716.484375
SIKKIM,2022-05-16,M,7,70063.102041
SIKKIM,2022-05-17,M,8,57872.250000
SIKKIM,2022-05-18,M,8,57072.500000
SIKKIM,2022-05-19,M,8,57072.500000
SIKKIM,2022-05-20,M,7,58825.061224
SIKKIM,2022-05-21,M,6,59948.916667
SIKKIM,2022-05-22,M,6,59948.916667
SIKKIM,2022-05-23,M,6,59948.916667
SIKKIM,2022-05-24,M,5,953.200000
SIKKIM,2022-05-25,M,4,471.500000
SIKKIM,2022-05-26,M,4,471.500000
SIKKIM,2022-05-27,M,2,756.250000
SIKKIM,2022-05-28,M,2,196.000000
SIKKIM,2022-05-29,M,2,196.000000
SIKKIM,2022-05-30,M,2,196.000000
SIKKIM,2022-05-31,3XL,3,104888.222222
SIKKIM,2022-06-01,M,2,196.000000
SIKKIM,2022-06-02,M,2,196.000000
SIKKIM,2022-06-03,L,3,13038.222222
SIKKIM,2022-06-04,L,5,23330.240000
SIKKIM,2022-06-05,L,5,23330.240000
SIKKIM,2022-06-06,L,5,23330.240000
SIKKIM,2022-06-07,L,7,24552.693878
SIKKIM,2022-06-08,L,7,24552.693878
SIKKIM,2022-06-09,L,8,106734.500000
SIKKIM,2022-06-10,L,9,96037.802469
SIKKIM,2022-06-11,L,11,107871.504132
SIKKIM,2022-06-12,L,11,107871.504132
SIKKIM,2022-06-13,L,9,127291.333333
SIKKIM,2022-06-14,XL,7,85864.530612
SIKKIM,2022-06-15,XL,7,85864.530612
SIKKIM,2022-06-16,XL,8,142457.500000
SIKKIM,2022-06-17,XL,8,142457.500000
SIKKIM,2022-06-18,XL,8,142457.500000
SIKKIM,2022-06-19,XL,5,226672.960000
SIKKIM,2022-06-20,XL,3,142734.222222
SIKKIM,2022-06-21,3XL,2,33124.000000
SIKKIM,2022-06-22,3XL,2,33124.000000
SIKKIM,2022-06-23,XL,3,209238.888889
SIKKIM,2022-06-24,XL,4,176089.187500
SIKKIM,2022-06-25,XL,5,144018.560000
SIKKIM,2022-06-26,XL,4,69464.750000
SIKKIM,2022-06-27,XL,4,69464.750000
SIKKIM,2022-06-28,XL,4,69464.750000
SIKKIM,2022-06-29,XL,4,69464.750000
SIKKIM,2022-06-30,XL,4,69464.750000
SIKKIM,2022-07-01,XL,4,69464.750000
SIKKIM,2022-07-02,XL,4,69464.750000
SIKKIM,2022-07-03,3XL,3,213868.222222
SIKKIM,2022-07-04,3XL,2,231361.000000
SIKKIM,2022-07-05,3XL,2,231361.000000
SIKKIM,2022-07-06,3XL,2,231361.000000
SIKKIM,2022-07-07,3XL,2,231361.000000
SIKKIM,2022-07-08,L,1,0.000000
TAMIL NADU,2022-04-01,L,3,10203.555556
TAMIL NADU,2022-04-02,XL,25,72472.640000
TAMIL NADU,2022-04-03,M,51,57994.902730
TAMIL NADU,2022-04-04,M,69,64549.834068
TAMIL NADU,2022-04-05,L,87,41272.768397
TAMIL NADU,2022-04-06,L,102,42438.830930
TAMIL NADU,2022-04-07,L,117,51493.496384
TAMIL NADU,2022-04-08,L,134,55306.640510
TAMIL NADU,2022-04-09,L,157,55419.338066
TAMIL NADU,2022-04-10,L,190,56096.733546
TAMIL NADU,2022-04-11,L,211,56972.941982
TAMIL NADU,2022-04-12,L,218,60648.459157
TAMIL NADU,2022-04-13,L,218,65718.898178
TAMIL NADU,2022-04-14,L,214,66389.871605
TAMIL NADU,2022-04-15,L,211,68966.542306
TAMIL NADU,2022-04-16,L,225,66232.028365
TAMIL NADU,2022-04-17,L,224,60902.960758
TAMIL NADU,2022-04-18,L,232,55354.209702
TAMIL NADU,2022-04-19,L,229,54744.961805
TAMIL NADU,2022-04-20,XL,217,51298.091784
TAMIL NADU,2022-04-21,XL,220,48613.076860
TAMIL NADU,2022-04-22,XL,220,49630.801570
TAMIL NADU,2022-04-23,XL,215,49699.124803
TAMIL NADU,2022-04-24,XL,216,43043.952932
TAMIL NADU,2022-04-25,XL,214,43109.430278
TAMIL NADU,2022-04-26,M,210,41338.415510
TAMIL NADU,2022-04-27,XL,222,45146.728999
TAMIL NADU,2022-04-28,XL,226,44918.219516
TAMIL NADU,2022-04-29,XL,225,47356.922469
TAMIL NADU,2022-04-30,XL,213,45271.671935
TAMIL NADU,2022-05-01,XL,213,47848.747515
TAMIL NADU,2022-05-02,XL,211,42638.728555
TAMIL NADU,2022-05-03,XL,228,44152.211507
TAMIL NADU,2022-05-04,XL,239,45663.234292
TAMIL NADU,2022-05-05,XL,243,44827.796373
TAMIL NADU,2022-05-06,XL,235,42418.571480
TAMIL NADU,2022-05-07,L,214,58405.230588
TAMIL NADU,2022-05-08,L,213,55414.785470
TAMIL NADU,2022-05-09,L,217,56874.933764
TAMIL NADU,2022-05-10,L,208,63433.576900
TAMIL NADU,2022-05-11,L,212,63469.595764
TAMIL NADU,2022-05-12,M,198,84347.983701
TAMIL NADU,2022-05-13,L,192,66882.359375
TAMIL NADU,2022-05-14,L,177,69767.366529
TAMIL NADU,2022-05-15,L,173,68358.220789
TAMIL NADU,2022-05-16,L,164,67102.721892
TAMIL NADU,2022-05-17,L,168,66206.848073
TAMIL NADU,2022-05-18,L,169,69111.988656
TAMIL NADU,2022-05-19,L,165,78550.744316
TAMIL NADU,2022-05-20,L,166,74612.977791
TAMIL NADU,2022-05-21,L,163,74873.096014
TAMIL NADU,2022-05-22,L,161,66684.939624
TAMIL NADU,2022-05-23,L,164,64916.977803
TAMIL NADU,2022-05-24,L,163,64263.646054
TAMIL NADU,2022-05-25,L,158,66722.634073
TAMIL NADU,2022-05-26,L,158,65568.575068
TAMIL NADU,2022-05-27,XL,159,76164.501325
TAMIL NADU,2022-05-28,XL,164,73446.405116
TAMIL NADU,2022-05-29,XL,176,68781.981373
TAMIL NADU,2022-05-30,XL,176,67949.128099
TAMIL NADU,2022-05-31,XL,176,62713.646178
TAMIL NADU,2022-06-01,XL,195,59860.898462
TAMIL NADU,2022-06-02,XL,194,60874.536003
TAMIL NADU,2022-06-03,XL,195,59231.640763
TAMIL NADU,2022-06-04,XL,187,54844.837999
TAMIL NADU,2022-06-05,XXL,201,61455.073043
TAMIL NADU,2022-06-06,M,205,68637.598905
TAMIL NADU,2022-06-07,M,223,69150.621127
TAMIL NADU,2022-06-08,M,224,66811.056043
TAMIL NADU,2022-06-09,M,222,69295.405324
TAMIL NADU,2022-06-10,M,229,70866.547472
TAMIL NADU,2022-06-11,M,215,64191.549681
TAMIL NADU,2022-06-12,M,211,62856.794996
TAMIL NADU,2022-06-13,M,213,63051.430272
TAMIL NADU,2022-06-14,M,215,64175.156863
TAMIL NADU,2022-06-15,XL,217,79672.747563
TAMIL NADU,2022-06-16,XL,212,79944.106332
TAMIL NADU,2022-06-17,XL,204,78860.674068
TAMIL NADU,2022-06-18,XL,196,83659.230399
TAMIL NADU,2022-06-19,XL,201,82389.568278
TAMIL NADU,2022-06-20,XL,202,84895.488506
TAMIL NADU,2022-06-21,XL,193,84371.783135
TAMIL NADU,2022-06-22,XL,196,77452.659387
TAMIL NADU,2022-06-23,XL,193,67338.380252
TAMIL NADU,2022-06-24,XL,188,60300.481326
TAMIL NADU,2022-06-25,XL,175,68067.001600
TAMIL NADU,2022-06-26,XL,168,67038.817141
TAMIL NADU,2022-06-27,XL,168,65904.162380
TAMIL NADU,2022-06-28,XL,161,66686.070753
TAMIL NADU,2022-06-29,L,157,60295.678202
TAMIL NADU,2022-06-30,L,148,63570.513650
TAMIL NADU,2022-07-01,L,135,65879.876543
TAMIL NADU,2022-07-02,L,116,60390.326620
TAMIL NADU,2022-07-03,L,99,60447.493317
TAMIL NADU,2022-07-04,L,89,61452.476960
TAMIL NADU,2022-07-05,L,69,68161.618147
TAMIL NADU,2022-07-06,M,58,59733.273781
TAMIL NADU,2022-07-07,M,35,58735.711020
TAMIL NADU,2022-07-08,M,20,49202.160000
TAMIL NADU,2022-07-09,M,5,6598.240000
TELANGANA,2022-04-01,L,3,17544.222222
TELANGANA,2022-04-02,M,21,72103.283447
TELANGANA,2022-04-03,M,41,81203.775134
TELANGANA,2022-04-04,M,62,75706.152966
TELANGANA,2022-04-05,M,74,76763.288714
TELANGANA,2022-04-06,M,95,77336.920332
TELANGANA,2022-04-07,M,108,71756.871056
TELANGANA,2022-04-08,M,125,69832.189056
TELANGANA,2022-04-09,M,145,71377.642996
TELANGANA,2022-04-10,M,160,70423.896836
TELANGANA,2022-04-11,L,182,54978.854486
TELANGANA,2022-04-12,L,185,62259.957049
TELANGANA,2022-04-13,L,195,63433.125575
TELANGANA,2022-04-14,L,213,64308.933721
TELANGANA,2022-04-15,L,215,63579.565041
TELANGANA,2022-04-16,L,218,67674.449625
TELANGANA,2022-04-17,L,229,67384.982704
TELANGANA,2022-04-18,L,231,68075.495961
TELANGANA,2022-04-19,L,212,65904.824582
TELANGANA,2022-04-20,L,208,65152.740292
TELANGANA,2022-04-21,L,203,61429.633381
TELANGANA,2022-04-22,L,206,53495.407673
TELANGANA,2022-04-23,L,213,50615.917785
TELANGANA,2022-04-24,XL,205,46658.246615
TELANGANA,2022-04-25,M,213,59484.815491
TELANGANA,2022-04-26,M,219,67937.771731
TELANGANA,2022-04-27,M,221,68334.895600
TELANGANA,2022-04-28,M,226,70506.011375
TELANGANA,2022-04-29,M,228,71125.248596
TELANGANA,2022-04-30,M,225,71230.893511
TELANGANA,2022-05-01,M,220,69571.190826
TELANGANA,2022-05-02,M,221,66276.805348
TELANGANA,2022-05-03,M,228,71194.941059
TELANGANA,2022-05-04,M,237,71403.482918
TELANGANA,2022-05-05,M,246,67588.366531
TELANGANA,2022-05-06,M,250,64181.806016
TELANGANA,2022-05-07,M,251,67059.406359
TELANGANA,2022-05-08,M,246,64376.999405
TELANGANA,2022-05-09,M,248,65134.149177
TELANGANA,2022-05-10,M,241,66464.825984
TELANGANA,2022-05-11,M,225,69646.942933
TELANGANA,2022-05-12,M,215,70016.583883
TELANGANA,2022-05-13,M,202,68439.283600
TELANGANA,2022-05-14,M,189,71632.776742
TELANGANA,2022-05-15,M,169,83712.915654
TELANGANA,2022-05-16,M,166,84856.361918
TELANGANA,2022-05-17,L,169,61581.891811
TELANGANA,2022-05-18,L,164,63470.212485
TELANGANA,2022-05-19,L,166,57094.569168
TELANGANA,2022-05-20,L,172,64309.050940
TELANGANA,2022-05-21,L,173,66558.852685
TELANGANA,2022-05-22,L,176,81517.920325
TELANGANA,2022-05-23,L,171,81453.791936
TELANGANA,2022-05-24,L,162,81829.048773
TELANGANA,2022-05-25,XL,161,92724.213803
TELANGANA,2022-05-26,XL,170,79001.108685
TELANGANA,2022-05-27,XL,179,79752.753722
TELANGANA,2022-05-28,XL,178,81103.566721
TELANGANA,2022-05-29,XL,178,83171.197955
TELANGANA,2022-05-30,XL,182,82422.939983
TELANGANA,2022-05-31,XL,180,79685.786914
TELANGANA,2022-06-01,XL,195,74671.415279
TELANGANA,2022-06-02,XL,191,75008.711877
TELANGANA,2022-06-03,XL,199,77772.067877
TELANGANA,2022-06-04,XL,208,79215.151049
TELANGANA,2022-06-05,XL,211,85860.556501
TELANGANA,2022-06-06,XL,206,85779.577623
TELANGANA,2022-06-07,XL,209,83618.156773
TELANGANA,2022-06-08,XL,210,86898.294082
TELANGANA,2022-06-09,XL,219,85039.308188
TELANGANA,2022-06-10,XL,223,89154.630819
TELANGANA,2022-06-11,XL,221,95394.726725
TELANGANA,2022-06-12,XL,223,115673.709546
TELANGANA,2022-06-13,XL,220,114043.181488
TELANGANA,2022-06-14,XL,219,113002.468422
TELANGANA,2022-06-15,L,208,83361.516249
TELANGANA,2022-06-16,XL,208,112162.720946
TELANGANA,2022-06-17,XL,207,108092.423627
TELANGANA,2022-06-18,XL,199,105084.701245
TELANGANA,2022-06-19,XL,189,111057.405784
TELANGANA,2022-06-20,M,181,70427.550807
TELANGANA,2022-06-21,M,183,72971.127116
TELANGANA,2022-06-22,M,188,83276.985174
TELANGANA,2022-06-23,M,184,86350.891747
TELANGANA,2022-06-24,M,179,88975.805624
TELANGANA,2022-06-25,M,175,98897.032620
TELANGANA,2022-06-26,M,158,102663.766103
TELANGANA,2022-06-27,XL,155,98348.213361
TELANGANA,2022-06-28,XL,164,109675.495352
TELANGANA,2022-06-29,M,166,99577.387466
TELANGANA,2022-06-30,M,151,104270.975045
TELANGANA,2022-07-01,M,132,103649.950585
TELANGANA,2022-07-02,M,112,96956.318559
TELANGANA,2022-07-03,M,95,95668.155789
TELANGANA,2022-07-04,XL,88,130323.969008
TELANGANA,2022-07-05,XL,74,136333.545654
TELANGANA,2022-07-06,XL,56,136017.785395
TELANGANA,2022-07-07,M,41,77220.566330
TELANGANA,2022-07-08,M,17,64007.619377
TELANGANA,2022-07-09,L,5,14564.400000
TRIPURA,2022-04-01,XXL,1,0.000000
TRIPURA,2022-04-02,XXL,4,9220.500000
TRIPURA,2022-04-03,XXL,4,9220.500000
TRIPURA,2022-04-04,XXL,4,9220.500000
TRIPURA,2022-04-05,XXL,4,9220.500000
TRIPURA,2022-04-06,XXL,4,9220.500000
TRIPURA,2022-04-07,XXL,5,14365.360000
TRIPURA,2022-04-08,XXL,5,14365.360000
TRIPURA,2022-04-09,XXL,6,11971.222222
TRIPURA,2022-04-10,XXL,6,11971.222222
TRIPURA,2022-04-11,M,6,88449.888889
TRIPURA,2022-04-12,M,7,75886.693878
TRIPURA,2022-04-13,M,8,75463.859375
TRIPURA,2022-04-14,M,8,73983.687500
TRIPURA,2022-04-15,M,7,84542.979592
TRIPURA,2022-04-16,M,7,84542.979592
TRIPURA,2022-04-17,M,9,70275.777778
TRIPURA,2022-04-18,M,7,84786.244898
TRIPURA,2022-04-19,L,6,17496.000000
TRIPURA,2022-04-20,L,6,17496.000000
TRIPURA,2022-04-21,L,6,17496.000000
TRIPURA,2022-04-22,L,6,17496.000000
TRIPURA,2022-04-23,L,6,17496.000000
TRIPURA,2022-04-24,L,6,30716.888889
TRIPURA,2022-04-25,M,3,1346.000000
TRIPURA,2022-04-26,M,4,1041.187500
TRIPURA,2022-04-27,XXL,2,0.000000
TRIPURA,2022-04-28,L,4,87890.687500
TRIPURA,2022-04-29,M,3,85670.888889
TRIPURA,2022-04-30,M,4,69587.250000
TRIPURA,2022-05-01,XXL,5,91264.400000
TRIPURA,2022-05-02,XXL,5,91264.400000
TRIPURA,2022-05-03,XXL,5,91264.400000
TRIPURA,2022-05-04,XXL,5,91264.400000
TRIPURA,2022-05-05,L,4,23199.187500
TRIPURA,2022-05-06,L,4,23199.187500
TRIPURA,2022-05-07,L,4,23199.187500
TRIPURA,2022-05-08,XS,4,50538.187500
TRIPURA,2022-05-09,XS,4,50538.187500
TRIPURA,2022-05-10,XS,3,17282.888889
TRIPURA,2022-05-11,XS,3,17282.888889
TRIPURA,2022-05-12,XL,4,20333.187500
TRIPURA,2022-05-13,XL,4,20333.187500
TRIPURA,2022-05-14,XL,4,20333.187500
TRIPURA,2022-05-15,XS,3,20348.222222
TRIPURA,2022-05-16,XS,3,1981.555556
TRIPURA,2022-05-17,XL,3,17284.222222
TRIPURA,2022-05-18,XL,3,17284.222222
TRIPURA,2022-05-19,XL,4,21337.250000
TRIPURA,2022-05-20,XXL,3,522.888889
TRIPURA,2022-05-21,XL,3,28204.222222
TRIPURA,2022-05-22,XS,2,812.250000
TRIPURA,2022-05-23,M,3,35757.555556
TRIPURA,2022-05-24,M,3,35757.555556
TRIPURA,2022-05-25,M,3,35757.555556
TRIPURA,2022-05-26,M,3,35757.555556
TRIPURA,2022-05-27,M,5,22988.160000
TRIPURA,2022-05-28,M,6,22589.000000
TRIPURA,2022-05-29,M,7,22818.000000
TRIPURA,2022-05-30,M,7,22818.000000
TRIPURA,2022-05-31,M,6,22809.888889
TRIPURA,2022-06-01,M,6,22809.888889
TRIPURA,2022-06-02,M,5,10135.760000
TRIPURA,2022-06-03,M,6,23406.916667
TRIPURA,2022-06-04,M,7,114134.775510
TRIPURA,2022-06-05,M,7,114134.775510
TRIPURA,2022-06-06,S,5,24541.440000
TRIPURA,2022-06-07,S,5,24541.440000
TRIPURA,2022-06-08,S,4,723.000000
TRIPURA,2022-06-09,S,4,723.000000
TRIPURA,2022-06-10,S,4,723.000000
TRIPURA,2022-06-11,S,3,910.222222
TRIPURA,2022-06-12,M,3,247483.555556
TRIPURA,2022-06-13,3XL,2,56.250000
TRIPURA,2022-06-14,3XL,2,56.250000
TRIPURA,2022-06-15,L,3,31196.222222
TRIPURA,2022-06-16,L,3,31196.222222
TRIPURA,2022-06-17,L,3,31196.222222
TRIPURA,2022-06-18,XL,3,110266.888889
TRIPURA,2022-06-19,M,2,5256.250000
TRIPURA,2022-06-20,L,3,26554.888889
TRIPURA,2022-06-21,L,3,26554.888889
TRIPURA,2022-06-22,L,3,26554.888889
TRIPURA,2022-06-23,L,2,272.250000
TRIPURA,2022-06-24,L,2,272.250000
TRIPURA,2022-06-25,S,3,15929.555556
TRIPURA,2022-06-26,S,2,5329.000000
TRIPURA,2022-06-27,S,2,5329.000000
TRIPURA,2022-06-28,L,2,1024.000000
TRIPURA,2022-06-29,L,2,1024.000000
TRIPURA,2022-06-30,S,2,37056.250000
TRIPURA,2022-07-01,S,2,37056.250000
TRIPURA,2022-07-02,S,2,37056.250000
TRIPURA,2022-07-03,S,2,37056.250000
TRIPURA,2022-07-04,S,2,37056.250000
TRIPURA,2022-07-05,3XL,1,0.000000
TRIPURA,2022-07-06,3XL,1,0.000000
TRIPURA,2022-07-07,3XL,1,0.000000
TRIPURA,2022-07-08,M,1,0.000000
TRIPURA,2022-07-09,S,1,0.000000
UTTAR PRADESH,2022-04-01,XXL,4,15514.750000
UTTAR PRADESH,2022-04-02,S,21,55519.269841
UTTAR PRADESH,2022-04-03,M,43,59898.061655
UTTAR PRADESH,2022-04-04,M,65,63527.677160
UTTAR PRADESH,2022-04-05,M,84,57998.177296
UTTAR PRADESH,2022-04-06,M,105,63217.119637
UTTAR PRADESH,2022-04-07,L,128,75415.359375
UTTAR PRADESH,2022-04-08,L,149,72174.379532
UTTAR PRADESH,2022-04-09,L,179,70300.833557
UTTAR PRADESH,2022-04-10,L,197,76226.780695
UTTAR PRADESH,2022-04-11,L,224,72841.563437
UTTAR PRADESH,2022-04-12,L,236,71809.082735
UTTAR PRADESH,2022-04-13,L,234,75522.612755
UTTAR PRADESH,2022-04-14,L,239,78322.778173
UTTAR PRADESH,2022-04-15,L,248,79996.247252
UTTAR PRADESH,2022-04-16,L,244,76814.002469
UTTAR PRADESH,2022-04-17,M,245,77766.282449
UTTAR PRADESH,2022-04-18,M,233,76362.785684
UTTAR PRADESH,2022-04-19,M,237,69178.987057
UTTAR PRADESH,2022-04-20,M,239,74177.204741
UTTAR PRADESH,2022-04-21,M,240,70579.503889
UTTAR PRADESH,2022-04-22,M,240,71777.729427
UTTAR PRADESH,2022-04-23,M,247,73425.997869
UTTAR PRADESH,2022-04-24,M,252,67845.581066
UTTAR PRADESH,2022-04-25,M,243,73413.802605
UTTAR PRADESH,2022-04-26,M,236,78592.362970
UTTAR PRADESH,2022-04-27,M,224,77806.711077
UTTAR PRADESH,2022-04-28,M,240,76871.016927
UTTAR PRADESH,2022-04-29,M,228,89090.870883
UTTAR PRADESH,2022-04-30,M,233,89651.947356
UTTAR PRADESH,2022-05-01,XL,229,101329.422093
UTTAR PRADESH,2022-05-02,M,231,98452.127996
UTTAR PRADESH,2022-05-03,M,244,118618.132491
UTTAR PRADESH,2022-05-04,M,230,124529.459830
UTTAR PRADESH,2022-05-05,M,229,126897.510536
UTTAR PRADESH,2022-05-06,M,217,125285.581219
UTTAR PRADESH,2022-05-07,M,218,131217.715933
UTTAR PRADESH,2022-05-08,M,211,133694.643337
UTTAR PRADESH,2022-05-09,M,220,132264.650806
UTTAR PRADESH,2022-05-10,M,220,123191.603223
UTTAR PRADESH,2022-05-11,M,223,117787.835911
UTTAR PRADESH,2022-05-12,M,211,114927.086094
UTTAR PRADESH,2022-05-13,M,201,90542.228608
UTTAR PRADESH,2022-05-14,M,205,90251.621273
UTTAR PRADESH,2022-05-15,M,191,77889.821880
UTTAR PRADESH,2022-05-16,M,193,79827.795001
UTTAR PRADESH,2022-05-17,M,187,72811.673768
UTTAR PRADESH,2022-05-18,M,183,77583.941055
UTTAR PRADESH,2022-05-19,M,173,64242.546894
UTTAR PRADESH,2022-05-20,M,169,70385.210392
UTTAR PRADESH,2022-05-21,M,166,73798.318660
UTTAR PRADESH,2022-05-22,M,167,75675.866040
UTTAR PRADESH,2022-05-23,M,161,80845.806103
UTTAR PRADESH,2022-05-24,XL,157,106954.557183
UTTAR PRADESH,2022-05-25,XL,155,101245.540312
UTTAR PRADESH,2022-05-26,XL,157,96996.522699
UTTAR PRADESH,2022-05-27,M,167,99841.687977
UTTAR PRADESH,2022-05-28,M,170,95349.404187
UTTAR PRADESH,2022-05-29,M,166,92168.804072
UTTAR PRADESH,2022-05-30,M,165,92759.852195
UTTAR PRADESH,2022-05-31,M,159,93006.451406
UTTAR PRADESH,2022-06-01,M,163,94559.833039
UTTAR PRADESH,2022-06-02,M,171,87188.808317
UTTAR PRADESH,2022-06-03,M,172,83517.457916
UTTAR PRADESH,2022-06-04,M,175,88409.699592
UTTAR PRADESH,2022-06-05,M,181,83461.901163
UTTAR PRADESH,2022-06-06,M,170,77323.020900
UTTAR PRADESH,2022-06-07,M,173,72936.277791
UTTAR PRADESH,2022-06-08,M,183,74935.637612
UTTAR PRADESH,2022-06-09,M,183,78380.687151
UTTAR PRADESH,2022-06-10,M,196,78079.379633
UTTAR PRADESH,2022-06-11,M,195,77801.199579
UTTAR PRADESH,2022-06-12,M,190,80203.658172
UTTAR PRADESH,2022-06-13,M,187,79076.869971
UTTAR PRADESH,2022-06-14,M,182,73751.671809
UTTAR PRADESH,2022-06-15,M,177,73255.163331
UTTAR PRADESH,2022-06-16,M,178,71905.449186
UTTAR PRADESH,2022-06-17,M,171,74177.002223
UTTAR PRADESH,2022-06-18,M,167,76357.591022
UTTAR PRADESH,2022-06-19,M,165,70591.983324
UTTAR PRADESH,2022-06-20,M,163,74213.065076
UTTAR PRADESH,2022-06-21,M,157,79533.825307
UTTAR PRADESH,2022-06-22,M,154,78671.235158
UTTAR PRADESH,2022-06-23,M,159,81365.594241
UTTAR PRADESH,2022-06-24,M,156,81324.858810
UTTAR PRADESH,2022-06-25,M,154,78539.140159
UTTAR PRADESH,2022-06-26,M,146,84738.017076
UTTAR PRADESH,2022-06-27,M,148,94824.813002
UTTAR PRADESH,2022-06-28,M,136,95382.698962
UTTAR PRADESH,2022-06-29,M,132,98232.623221
UTTAR PRADESH,2022-06-30,M,112,93763.777742
UTTAR PRADESH,2022-07-01,M,100,87284.333100
UTTAR PRADESH,2022-07-02,L,85,96595.487336
UTTAR PRADESH,2022-07-03,L,69,102614.083176
UTTAR PRADESH,2022-07-04,M,56,90093.003827
UTTAR PRADESH,2022-07-05,L,43,77232.482423
UTTAR PRADESH,2022-07-06,M,34,123813.325260
UTTAR PRADESH,2022-07-07,L,23,43622.933837
UTTAR PRADESH,2022-07-08,XL,13,88968.899408
UTTAR PRADESH,2022-07-09,XXL,3,51506.000000
UTTARAKHAND,2022-04-01,S,1,0.000000
UTTARAKHAND,2022-04-02,L,5,198122.640000
UTTARAKHAND,2022-04-03,L,8,142628.250000
UTTARAKHAND,2022-04-04,L,9,126814.469136
UTTARAKHAND,2022-04-05,L,12,177901.305556
UTTARAKHAND,2022-04-06,L,16,149942.121094
UTTARAKHAND,2022-04-07,L,18,140888.250000
UTTARAKHAND,2022-04-08,XL,20,89355.847500
UTTARAKHAND,2022-04-09,L,22,126765.580579
UTTARAKHAND,2022-04-10,L,23,121611.270321
UTTARAKHAND,2022-04-11,L,28,131103.524235
UTTARAKHAND,2022-04-12,XXL,28,69903.209184
UTTARAKHAND,2022-04-13,S,30,94131.632222
UTTARAKHAND,2022-04-14,M,35,79102.191020
UTTARAKHAND,2022-04-15,L,34,70372.692907
UTTARAKHAND,2022-04-16,L,40,69904.934375
UTTARAKHAND,2022-04-17,L,44,65679.063533
UTTARAKHAND,2022-04-18,L,50,64964.633600
UTTARAKHAND,2022-04-19,L,51,63465.680123
UTTARAKHAND,2022-04-20,L,51,64805.907728
UTTARAKHAND,2022-04-21,L,49,44923.387755
UTTARAKHAND,2022-04-22,L,48,45371.513889
UTTARAKHAND,2022-04-23,L,47,69927.974649
UTTARAKHAND,2022-04-24,L,46,68278.378544
UTTARAKHAND,2022-04-25,L,45,69883.861728
UTTARAKHAND,2022-04-26,L,40,69980.394375
UTTARAKHAND,2022-04-27,M,35,72200.878367
UTTARAKHAND,2022-04-28,M,38,68528.546399
UTTARAKHAND,2022-04-29,M,36,78036.823302
UTTARAKHAND,2022-04-30,M,33,99392.062443
UTTARAKHAND,2022-05-01,L,37,119433.434624
UTTARAKHAND,2022-05-02,L,38,119556.914820
UTTARAKHAND,2022-05-03,L,37,93475.602630
UTTARAKHAND,2022-05-04,L,40,90888.324375
UTTARAKHAND,2022-05-05,L,43,91627.316387
UTTARAKHAND,2022-05-06,L,39,95243.641026
UTTARAKHAND,2022-05-07,L,39,96081.326759
UTTARAKHAND,2022-05-08,L,39,88482.293228
UTTARAKHAND,2022-05-09,L,36,80001.656636
UTTARAKHAND,2022-05-10,L,37,76221.211103
UTTARAKHAND,2022-05-11,S,31,100518.060354
UTTARAKHAND,2022-05-12,S,34,132218.395329
UTTARAKHAND,2022-05-13,M,29,125505.481570
UTTARAKHAND,2022-05-14,S,30,158167.450000
UTTARAKHAND,2022-05-15,S,27,125096.068587
UTTARAKHAND,2022-05-16,S,28,104219.667092
UTTARAKHAND,2022-05-17,S,28,106165.289541
UTTARAKHAND,2022-05-18,M,24,127466.743056
UTTARAKHAND,2022-05-19,L,29,76238.235434
UTTARAKHAND,2022-05-20,L,29,80168.508918
UTTARAKHAND,2022-05-21,L,29,79872.625446
UTTARAKHAND,2022-05-22,L,26,81604.378698
UTTARAKHAND,2022-05-23,L,31,75734.191467
UTTARAKHAND,2022-05-24,L,31,68665.123829
UTTARAKHAND,2022-05-25,L,31,83142.886576
UTTARAKHAND,2022-05-26,L,30,74957.462222
UTTARAKHAND,2022-05-27,L,28,79100.667092
UTTARAKHAND,2022-05-28,L,26,81315.520710
UTTARAKHAND,2022-05-29,L,22,68640.671488
UTTARAKHAND,2022-05-30,L,21,63394.058957
UTTARAKHAND,2022-05-31,XL,23,107272.427221
UTTARAKHAND,2022-06-01,XL,26,101180.224852
UTTARAKHAND,2022-06-02,XL,24,126283.956597
UTTARAKHAND,2022-06-03,XL,25,144091.360000
UTTARAKHAND,2022-06-04,XL,25,144091.360000
UTTARAKHAND,2022-06-05,XL,24,149904.081597
UTTARAKHAND,2022-06-06,XL,25,144008.889600
UTTARAKHAND,2022-06-07,L,26,134090.001479
UTTARAKHAND,2022-06-08,L,32,111980.811523
UTTARAKHAND,2022-06-09,L,35,104594.364082
UTTARAKHAND,2022-06-10,L,39,98553.416174
UTTARAKHAND,2022-06-11,L,36,77816.304784
UTTARAKHAND,2022-06-12,L,36,73733.989969
UTTARAKHAND,2022-06-13,L,38,66006.288781
UTTARAKHAND,2022-06-14,L,36,62122.823302
UTTARAKHAND,2022-06-15,L,36,73449.830247
UTTARAKHAND,2022-06-16,L,33,73431.087236
UTTARAKHAND,2022-06-17,L,29,52515.453032
UTTARAKHAND,2022-06-18,XL,26,88337.000000
UTTARAKHAND,2022-06-19,XL,23,89575.368620
UTTARAKHAND,2022-06-20,XL,20,97814.327500
UTTARAKHAND,2022-06-21,XL,21,105002.793651
UTTARAKHAND,2022-06-22,XL,23,103729.300567
UTTARAKHAND,2022-06-23,XL,24,112281.331597
UTTARAKHAND,2022-06-24,XL,26,105608.905325
UTTARAKHAND,2022-06-25,XL,26,96070.822485
UTTARAKHAND,2022-06-26,M,24,34769.909722
UTTARAKHAND,2022-06-27,M,23,33993.357278
UTTARAKHAND,2022-06-28,M,22,46389.082645
UTTARAKHAND,2022-06-29,M,18,53454.422840
UTTARAKHAND,2022-06-30,M,18,63441.111111
UTTARAKHAND,2022-07-01,M,16,66805.402344
UTTARAKHAND,2022-07-02,M,13,51489.597633
UTTARAKHAND,2022-07-03,M,12,55765.854167
UTTARAKHAND,2022-07-04,M,7,72120.122449
UTTARAKHAND,2022-07-05,L,6,43062.138889
UTTARAKHAND,2022-07-06,S,5,73978.960000
UTTARAKHAND,2022-07-07,S,3,123086.000000
UTTARAKHAND,2022-07-08,XXL,2,172640.250000
UTTARAKHAND,2022-07-09,M,1,0.000000
WEST BENGAL,2022-04-01,XXL,4,1586.000000
WEST BENGAL,2022-04-02,XXL,16,5772.652344
WEST BENGAL,2022-04-03,L,27,37737.582990
WEST BENGAL,2022-04-04,XL,41,81057.171921
WEST BENGAL,2022-04-05,L,54,38995.740741
WEST BENGAL,2022-04-06,L,70,61120.762449
WEST BENGAL,2022-04-07,L,83,63905.345043
WEST BENGAL,2022-04-08,L,95,61310.055845
WEST BENGAL,2022-04-09,L,110,60166.335620
WEST BENGAL,2022-04-10,L,120,57759.479931
WEST BENGAL,2022-04-11,L,131,57047.467397
WEST BENGAL,2022-04-12,L,138,62069.086746
WEST BENGAL,2022-04-13,L,143,65265.678126
WEST BENGAL,2022-04-14,L,166,65570.697961
WEST BENGAL,2022-04-15,L,156,68050.337114
WEST BENGAL,2022-04-16,L,155,63150.946764
WEST BENGAL,2022-04-17,L,152,62420.960526
WEST BENGAL,2022-04-18,L,154,61360.721032
WEST BENGAL,2022-04-19,L,150,62511.245556
WEST BENGAL,2022-04-20,L,150,64499.155067
WEST BENGAL,2022-04-21,L,146,66071.286592
WEST BENGAL,2022-04-22,L,140,63018.008724
WEST BENGAL,2022-04-23,L,134,62114.282747
WEST BENGAL,2022-04-24,M,121,84332.738201
WEST BENGAL,2022-04-25,M,121,88977.575166
WEST BENGAL,2022-04-26,M,127,86882.641329
WEST BENGAL,2022-04-27,M,124,77226.034014
WEST BENGAL,2022-04-28,L,121,70746.741343
WEST BENGAL,2022-04-29,L,118,70570.433496
WEST BENGAL,2022-04-30,XL,116,53795.062054
WEST BENGAL,2022-05-01,L,117,70832.095259
WEST BENGAL,2022-05-02,L,122,68925.360924
WEST BENGAL,2022-05-03,XL,133,62719.781898
WEST BENGAL,2022-05-04,XL,134,57585.016708
WEST BENGAL,2022-05-05,XL,139,59616.066974
WEST BENGAL,2022-05-06,XL,130,65225.351716
WEST BENGAL,2022-05-07,XL,123,68671.452046
WEST BENGAL,2022-05-08,XL,122,65923.062416
WEST BENGAL,2022-05-09,L,120,71767.619722
WEST BENGAL,2022-05-10,L,128,75696.400146
WEST BENGAL,2022-05-11,L,120,77285.811042
WEST BENGAL,2022-05-12,L,108,85217.570988
WEST BENGAL,2022-05-13,L,100,82397.441600
WEST BENGAL,2022-05-14,L,95,85582.441662
WEST BENGAL,2022-05-15,L,94,83112.884110
WEST BENGAL,2022-05-16,L,97,88835.688383
WEST BENGAL,2022-05-17,L,94,91851.738004
WEST BENGAL,2022-05-18,L,89,90414.966545
WEST BENGAL,2022-05-19,L,82,80069.181440
WEST BENGAL,2022-05-20,L,74,86362.115595
WEST BENGAL,2022-05-21,L,77,80797.073706
WEST BENGAL,2022-05-22,XXL,78,72929.889546
WEST BENGAL,2022-05-23,L,79,84437.945201
WEST BENGAL,2022-05-24,L,86,74652.064359
WEST BENGAL,2022-05-25,L,82,81533.491523
WEST BENGAL,2022-05-26,XXL,81,62418.257278
WEST BENGAL,2022-05-27,XXL,86,64122.206193
WEST BENGAL,2022-05-28,XXL,86,68110.550568
WEST BENGAL,2022-05-29,M,84,68794.829365
WEST BENGAL,2022-05-30,M,90,72455.498889
WEST BENGAL,2022-05-31,M,88,83227.579416
WEST BENGAL,2022-06-01,M,91,83024.331361
WEST BENGAL,2022-06-02,M,96,73485.603190
WEST BENGAL,2022-06-03,M,99,73158.997245
WEST BENGAL,2022-06-04,M,100,74917.147500
WEST BENGAL,2022-06-05,M,96,63944.077148
WEST BENGAL,2022-06-06,M,99,67199.208448
WEST BENGAL,2022-06-07,M,97,68619.568286
WEST BENGAL,2022-06-08,M,89,83096.974877
WEST BENGAL,2022-06-09,M,88,76376.111570
WEST BENGAL,2022-06-10,M,92,70289.274457
WEST BENGAL,2022-06-11,M,93,75470.357498
WEST BENGAL,2022-06-12,M,88,76682.454029
WEST BENGAL,2022-06-13,XXL,91,90958.600894
WEST BENGAL,2022-06-14,XXL,90,75803.703210
WEST BENGAL,2022-06-15,XXL,95,64167.254737
WEST BENGAL,2022-06-16,XXL,95,57252.066925
WEST BENGAL,2022-06-17,XXL,101,67391.047348
WEST BENGAL,2022-06-18,XXL,105,67420.065850
WEST BENGAL,2022-06-19,XXL,97,64943.156340
WEST BENGAL,2022-06-20,XXL,97,63153.787225
WEST BENGAL,2022-06-21,XXL,98,52452.122032
WEST BENGAL,2022-06-22,XXL,98,54884.190754
WEST BENGAL,2022-06-23,XXL,97,54080.860878
WEST BENGAL,2022-06-24,XXL,95,63743.289307
WEST BENGAL,2022-06-25,XXL,84,69317.899518
WEST BENGAL,2022-06-26,XXL,76,70635.636253
WEST BENGAL,2022-06-27,XXL,69,54718.366730
WEST BENGAL,2022-06-28,3XL,67,75921.282691
WEST BENGAL,2022-06-29,XXL,65,79297.629822
WEST BENGAL,2022-06-30,XXL,55,81042.031074
WEST BENGAL,2022-07-01,3XL,49,89085.566847
WEST BENGAL,2022-07-02,L,42,69328.732993
WEST BENGAL,2022-07-03,M,38,105178.551939
WEST BENGAL,2022-07-04,3XL,33,112557.504132
WEST BENGAL,2022-07-05,L,27,50420.888889
WEST BENGAL,2022-07-06,L,20,43830.387500
WEST BENGAL,2022-07-07,L,14,34036.285714
WEST BENGAL,2022-07-08,M,6,22861.222222
WEST BENGAL,2022-07-09,6XL,1,0.000000
